Општина,година,Наставници,Сооднос деца по наставник,Вкупно запишани,Вкупно завршени,запишани деца во I одделение,запишани деца во II одделение,запишани деца во III одделение,запишани деца во IV одделение,запишани деца во V одделение,запишани деца во VI одделение,запишани деца во VII одделение,запишани деца во VIII одделение,запишани деца во IX одделение,Завршени деца во I одделение,Завршени деца во II одделение,Завршени деца во III одделение,Завршени деца во IV одделение,Завршени деца во V одделение,Завршени деца во VI одделение,Завршени деца во VII одделение,Завршени деца во VIII одделение,Завршени деца во IX одделение
Аеродром,2018,454,1433,6504,6391,820,784,804,783,698,683,651,660,621,808,771,785,761,687,675,649,649,606
Бутел,2018,332,1505,4998,4992,603,607,576,569,500,524,560,512,547,603,602,580,569,504,522,559,508,545
Гази Баба,2018,477,1453,6933,6922,836,796,811,790,757,716,740,761,726,835,799,813,788,754,712,738,759,724
Ѓорче Петров,2018,247,1426,3521,3473,409,415,418,386,368,424,394,339,368,400,416,411,380,357,419,385,340,365
Карпош,2018,560,1191,6669,6668,751,728,793,784,752,686,691,731,753,751,725,786,778,759,694,692,729,754
Кисела Вода,2018,391,1329,5197,5301,631,604,650,560,637,531,539,504,541,643,622,667,574,651,543,558,503,540
Сарај,2018,440,1203,5293,5286,664,609,598,603,535,556,569,587,572,658,621,602,598,538,553,565,582,569
Центар,2018,337,1341,4520,4468,563,533,528,525,487,503,493,447,441,548,529,525,518,482,498,485,447,436
Чаир,2018,521,1542,8034,8016,1005,933,972,889,874,894,838,809,820,1005,940,973,878,870,887,837,811,815
Шуто Оризари,2018,223,1809,4033,3968,594,540,575,463,415,406,361,369,310,617,540,536,439,404,406,350,368,308
Арачиново,2018,130,1542,2005,2079,142,230,246,239,248,233,224,225,218,233,226,247,229,245,237,224,226,212
Берово,2018,101,830,838,822,93,84,95,101,86,91,101,79,108,92,82,93,99,85,88,101,77,105
Битола,2018,698,1096,7650,7612,842,883,927,894,858,847,830,774,795,834,880,924,888,855,845,824,768,794
Богданци,2018,63,908,572,568,67,46,65,56,68,62,66,67,75,65,46,65,56,68,61,66,66,75
Боговиње,2018,323,876,2828,2749,330,341,316,334,294,302,288,313,310,332,326,311,324,287,287,278,303,301
Босилово,2018,167,578,966,952,120,118,129,115,136,84,100,82,82,114,112,130,110,136,85,101,82,82
Брвеница,2018,182,843,1534,1532,163,184,173,170,161,175,189,161,158,163,187,173,170,161,173,191,158,156
Валандово,2018,153,631,966,964,105,106,126,113,104,103,98,104,107,104,104,126,112,105,103,98,105,107
Василево,2018,145,737,1068,1056,135,137,151,145,111,81,107,105,96,139,135,146,144,112,81,101,102,96
Вевчани,2018,25,904,226,226,21,21,22,23,28,18,32,27,34,21,21,22,23,28,18,32,27,34
Велес,2018,354,1279,4528,4495,561,519,550,521,525,483,444,458,467,548,511,548,520,522,480,445,456,465
Виница,2018,178,768,1367,1368,159,150,168,176,130,156,151,131,146,161,148,167,175,145,152,149,126,145
Врапчиште,2018,340,708,2406,2397,276,281,276,271,282,243,248,264,265,266,279,273,270,269,246,252,266,276
Гевгелија,2018,156,1213,1892,1899,203,183,220,259,229,196,197,188,217,203,184,218,261,229,198,198,191,217
Гостивар,2018,692,916,6338,6189,701,709,771,723,720,667,673,683,691,685,682,760,714,715,650,634,679,670
Градско,2018,33,997,329,329,31,35,44,44,42,39,23,38,33,34,35,43,44,40,38,22,40,33
Дебар,2018,210,956,2008,2087,224,213,248,207,226,226,231,215,218,234,238,234,201,220,236,237,234,253
Дебарца,2018,92,223,205,206,22,15,30,23,22,18,29,22,24,23,15,30,23,23,18,28,22,24
Делчево,2018,147,776,1140,1121,124,127,140,118,133,107,143,103,145,123,124,135,115,130,106,140,104,144
Демир Капија,2018,39,833,325,323,38,41,37,32,34,38,34,37,34,37,41,38,32,34,37,32,38,34
Демир Хисар,2018,82,644,528,529,52,66,56,72,63,45,56,56,62,52,65,55,72,63,48,55,56,63
Дојран,2018,45,596,268,264,34,27,27,31,32,32,22,30,33,34,27,27,32,31,32,21,28,32
Долнени,2018,257,734,1886,1811,246,231,213,200,201,205,215,189,186,230,217,194,193,187,200,213,199,178
Желино,2018,287,977,2805,2733,329,296,313,318,307,325,313,297,307,325,292,300,310,300,319,306,286,295
Зелениково,2018,55,555,305,304,29,32,28,40,33,38,40,34,31,29,32,29,40,33,36,40,34,31
Зрновци,2018,32,484,155,149,15,21,18,15,16,15,16,20,19,15,18,17,15,16,15,15,19,19
Илинден,2018,121,1364,1651,1649,162,166,213,175,183,205,185,176,186,163,166,214,176,182,205,183,174,186
Јегуновце,2018,144,640,922,909,96,87,109,99,110,94,124,103,100,91,85,107,98,109,93,123,104,99
Кавадарци,2018,328,976,3201,3191,379,333,343,332,375,367,322,348,402,379,331,342,328,374,365,325,348,399
Карбинци,2018,81,432,350,412,50,37,39,46,26,41,37,32,42,63,50,54,62,35,39,37,32,40
Кичево,2018,521,695,3622,3564,386,439,426,410,409,396,377,403,376,385,427,422,394,412,388,372,394,370
Конче,2018,60,478,287,288,43,32,41,33,25,32,23,23,35,43,34,41,33,25,32,23,23,34
Кочани,2018,244,1162,2835,2725,365,297,364,337,292,318,277,289,296,349,287,340,306,279,313,270,286,295
Кратово,2018,124,427,530,659,58,54,49,55,66,54,58,63,73,67,73,65,73,82,61,73,77,88
Крива Паланка,2018,282,549,1549,1531,179,171,198,182,143,169,164,180,163,175,168,194,181,139,167,162,182,163
Кривогаштани,2018,75,729,547,547,61,34,61,55,57,75,67,69,68,61,34,61,55,57,75,67,69,68
Крушево,2018,101,744,751,750,100,78,103,119,109,63,63,59,57,98,78,103,120,109,63,63,60,56
Куманово,2018,890,1162,10338,10298,1212,1144,1192,1207,1144,1076,1111,1076,1176,1207,1140,1177,1204,1137,1067,1119,1071,1176
Липково,2018,305,927,2828,2823,334,288,324,287,288,326,312,318,351,345,287,323,287,284,324,310,314,349
Лозово,2018,26,742,193,192,27,18,31,16,19,24,27,13,18,27,18,31,16,19,23,27,13,18
Маврово и Ростуша,2018,121,455,550,539,52,63,71,59,61,54,70,61,59,52,62,67,59,60,52,66,64,57
Македонска Каменица,2018,67,776,520,520,59,58,69,63,57,50,54,52,58,59,58,71,62,56,50,54,52,58
Македонски Брод,2018,75,671,503,496,50,57,53,64,67,58,53,52,49,48,54,52,64,65,58,54,52,49
Могила,2018,105,539,566,565,53,62,54,69,75,63,69,64,57,53,63,54,69,74,63,68,64,57
Неготино,2018,142,1211,1719,1709,210,168,186,195,178,212,180,189,201,207,166,183,196,177,211,180,189,200
Новаци,2018,60,445,267,266,17,26,28,37,35,33,33,29,29,17,25,28,37,35,33,33,29,29
Ново Село,2018,134,369,494,484,61,53,51,39,56,61,50,67,56,61,52,47,40,55,61,48,66,54
Охрид,2018,390,1198,4672,4402,487,498,532,518,502,552,539,522,522,462,465,503,487,469,524,509,492,491
Петровец,2018,96,1114,1069,1064,145,118,142,108,119,114,98,121,104,147,116,143,116,111,114,95,119,103
Пехчево,2018,44,700,308,305,19,32,32,43,52,33,22,35,40,18,33,32,43,51,32,21,35,40
Пласница,2018,52,1069,556,517,74,55,62,63,59,54,62,66,61,62,42,49,61,59,56,61,66,61
Прилеп,2018,511,1302,6654,6587,748,725,837,745,695,759,750,705,690,734,705,822,738,698,748,750,703,689
Пробиштип,2018,131,837,1097,1098,117,112,128,129,121,119,121,117,133,115,113,129,129,121,120,121,117,133
Радовиш,2018,287,859,2464,2422,333,278,341,296,266,246,236,224,244,329,273,342,291,261,242,227,215,242
Ранковце,2018,38,842,320,319,44,36,50,35,30,38,26,36,25,42,36,50,35,30,38,27,36,25
Ресен,2018,163,653,1064,1308,128,128,135,118,111,108,114,107,115,153,155,159,146,146,132,143,137,137
Росоман,2018,65,586,381,379,25,38,48,49,38,34,58,42,49,25,38,48,49,38,33,58,42,48
Свети Николе,2018,168,770,1293,1271,135,134,156,155,147,172,128,152,114,133,133,153,153,142,167,126,151,113
Сопиште,2018,102,535,546,547,64,63,66,54,62,70,50,55,62,65,63,66,54,62,70,50,55,62
Старо Нагоричане,2018,78,378,295,282,30,33,27,32,28,36,30,48,31,28,32,21,30,26,36,30,48,31
Струга,2018,704,785,5526,5481,648,624,631,541,642,599,606,599,636,657,621,626,538,641,590,596,583,629
Струмица,2018,480,1033,4960,4914,642,585,618,570,529,551,460,475,530,630,579,612,572,519,544,460,469,529
Студеничани,2018,271,1264,3426,3284,433,389,446,359,387,322,364,360,366,402,358,409,330,388,349,366,366,316
Теарце,2018,212,779,1652,1631,204,209,207,178,179,181,164,152,178,202,205,199,178,175,180,163,152,177
Тетово,2018,816,1219,9947,9817,1141,1118,1201,1109,1026,1111,1077,1081,1083,1123,1094,1163,1086,1006,1124,1068,1073,1080
Центар Жупа,2018,81,669,542,534,62,59,68,54,62,59,55,54,69,56,58,66,59,64,56,56,52,67
Чашка,2018,108,1056,1140,1104,181,141,149,142,104,120,103,99,101,181,138,141,142,104,115,82,100,101
Чешиново - Облешево,2018,92,422,388,386,44,43,39,51,39,43,45,36,48,43,43,39,51,39,43,45,36,47
Чучер - Сандево,2018,82,827,678,675,72,76,87,73,69,71,88,62,80,72,75,86,72,71,70,88,62,79
Штип,2018,327,1242,4061,3986,462,447,507,499,424,424,427,452,419,459,439,493,481,416,411,422,448,417
Аеродром,2019,462,1443,6665,6622,799,814,777,807,766,692,678,670,662,797,816,772,802,759,691,672,659,654
Бутел,2019,339,1474,4998,5017,560,603,600,578,573,504,522,552,506,550,623,609,568,576,512,520,550,509
Гази Баба,2019,478,1449,6927,6901,826,830,796,796,772,740,694,731,742,817,826,797,790,771,744,690,728,738
Ѓорче Петров,2019,257,1374,3532,3472,421,401,413,404,389,360,418,386,340,408,397,410,402,380,354,408,376,337
Карпош,2019,579,1170,6774,6698,802,767,732,799,781,766,698,697,732,787,753,719,784,773,760,696,695,731
Кисела Вода,2019,406,1297,5264,5234,627,627,605,641,555,637,522,554,496,626,614,600,638,551,625,531,557,492
Сарај,2019,398,1350,5373,5351,668,656,619,598,603,534,550,563,582,674,650,614,600,594,532,544,563,580
Центар,2019,356,1288,4586,4299,553,552,532,526,517,473,500,488,445,462,490,499,486,471,471,492,483,445
Чаир,2019,533,1519,8094,8072,950,1027,924,955,863,876,867,831,801,945,1005,921,961,878,871,867,825,799
Шуто Оризари,2019,229,1777,4069,4037,557,637,501,524,419,387,368,335,341,600,624,496,507,409,377,362,323,339
Арачиново,2019,130,1658,2156,2115,286,233,226,249,231,246,237,224,224,247,236,230,250,229,244,237,221,221
Берово,2019,100,791,791,786,86,89,80,93,98,82,86,102,75,86,88,80,93,97,83,84,100,75
Битола,2019,716,1060,7590,7583,831,868,851,908,872,855,842,815,748,838,856,846,908,871,854,841,822,747
Богданци,2019,65,851,553,546,67,63,46,64,54,68,59,67,65,65,62,45,65,54,66,58,66,65
Боговиње,2019,341,810,2762,2714,323,327,332,306,323,282,289,272,308,321,316,320,302,322,274,286,277,296
Босилово,2019,181,522,944,923,115,115,115,126,107,107,83,96,80,114,111,109,126,106,106,80,91,80
Брвеница,2019,197,797,1571,1552,179,169,186,171,168,167,177,193,161,175,169,185,173,167,168,166,192,157
Валандово,2019,156,606,946,947,95,100,104,125,110,106,103,98,105,96,100,104,125,110,106,103,98,105
Василево,2019,140,763,1068,1047,134,133,133,143,137,111,78,100,99,136,127,130,140,133,108,77,98,98
Вевчани,2019,25,828,207,200,15,21,21,22,23,28,18,32,27,15,21,21,18,23,26,17,32,27
Велес,2019,338,1331,4499,4474,537,530,504,541,506,532,465,448,436,545,528,499,536,502,523,462,448,431
Виница,2019,184,764,1406,1332,159,170,158,180,179,145,143,148,124,155,156,145,165,169,141,136,145,120
Врапчиште,2019,302,772,2331,2280,238,266,276,265,264,270,242,250,260,233,259,277,253,260,262,237,243,256
Гевгелија,2019,164,1134,1859,1853,203,204,182,212,257,226,196,194,185,202,203,182,212,256,226,195,192,185
Гостивар,2019,712,875,6228,6152,741,693,699,741,698,707,648,633,668,723,692,684,755,690,694,638,620,656
Градско,2019,35,954,334,337,48,31,35,40,43,39,38,22,38,49,32,35,42,43,39,38,21,38
Дебар,2019,211,950,2005,2062,202,226,214,245,211,227,229,233,218,207,235,232,248,213,232,237,242,216
Дебарца,2019,92,216,199,199,24,22,14,31,21,19,18,28,22,24,22,14,32,20,19,18,28,22
Делчево,2019,142,744,1057,1053,99,122,123,131,110,126,104,140,102,98,123,122,130,109,125,105,140,101
Демир Капија,2019,38,855,325,317,33,37,41,38,32,36,39,31,38,31,35,41,36,31,35,39,31,38
Демир Хисар,2019,82,621,509,509,49,50,64,53,72,62,48,55,56,49,50,65,52,72,61,49,55,56
Дојран,2019,31,871,270,266,39,34,27,25,32,32,31,21,29,39,34,26,25,31,30,31,21,29
Долнени,2019,263,725,1907,1889,203,245,231,192,203,209,204,215,205,197,236,217,201,194,216,210,214,204
Желино,2019,292,946,2761,2717,340,324,292,300,308,291,318,304,284,337,316,290,298,302,281,312,301,280
Зелениково,2019,51,584,298,299,28,30,31,28,40,32,35,40,34,29,30,31,28,40,32,35,40,34
Зрновци,2019,32,478,153,153,23,15,18,17,15,16,15,15,19,23,15,18,17,15,16,15,15,19
Илинден,2019,115,1413,1625,1619,158,164,168,215,177,189,196,185,173,155,165,170,214,174,188,196,184,173
Јегуновце,2019,139,641,891,885,87,93,84,107,96,109,92,121,102,86,93,82,107,96,107,92,120,102
Кавадарци,2019,327,955,3123,3111,343,374,325,341,326,385,360,329,340,341,372,324,339,324,382,360,328,341
Карбинци,2019,99,372,368,413,37,56,43,48,46,29,40,38,31,45,48,63,49,54,48,29,39,38
Кичево,2019,476,745,3547,3521,374,388,427,417,391,408,382,371,389,371,395,416,420,403,401,362,379,374
Конче,2019,56,475,266,265,27,40,32,39,33,18,31,23,23,27,40,32,38,32,18,32,23,23
Кочани,2019,232,1208,2803,2683,306,369,293,338,318,309,309,273,288,307,337,279,324,304,297,295,261,279
Кратово,2019,125,399,499,524,51,59,53,50,54,63,51,56,62,54,58,58,51,55,67,54,61,66
Крива Паланка,2019,227,662,1503,1491,153,170,165,192,181,137,164,159,182,151,167,165,189,179,136,164,158,182
Кривогаштани,2019,82,644,528,524,57,59,34,59,54,57,73,67,68,57,60,34,57,53,56,72,67,68
Крушево,2019,109,706,770,768,111,98,76,102,119,80,62,62,60,110,97,75,102,120,80,62,62,60
Куманово,2019,878,1162,10198,10210,1190,1159,1149,1172,1193,1141,1059,1075,1060,1170,1233,1126,1129,1209,1123,1047,1078,1095
Липково,2019,309,931,2878,2946,349,359,295,342,299,281,324,310,319,354,348,297,337,301,302,339,321,347
Лозово,2019,26,750,195,196,24,25,18,31,15,19,23,27,13,24,26,18,32,15,19,23,26,13
Маврово и Ростуша,2019,115,450,518,490,55,52,61,66,58,57,50,62,57,55,48,59,63,55,55,45,58,52
Македонска Каменица,2019,64,788,504,501,42,59,59,68,63,56,51,55,51,42,58,59,68,62,56,50,55,51
Македонски Брод,2019,93,517,481,474,33,49,56,53,63,67,57,53,50,32,48,53,51,63,67,57,53,50
Могила,2019,94,585,550,552,49,54,61,55,66,71,62,67,65,50,53,63,54,67,71,62,68,64
Неготино,2019,138,1217,1679,1678,191,210,166,177,198,187,192,172,186,192,209,165,178,197,186,192,173,186
Новаци,2019,80,328,262,261,25,17,25,28,37,35,33,33,29,25,17,25,28,37,35,33,33,28
Ново Село,2019,129,359,463,456,48,53,49,47,41,53,59,47,66,46,53,46,45,41,53,59,47,66
Охрид,2019,402,1127,4530,4328,462,474,489,522,512,490,536,531,514,463,452,464,500,478,469,517,501,484
Петровец,2019,98,1134,1111,1106,130,147,118,143,117,130,114,94,118,132,145,118,142,117,121,115,95,121
Пехчево,2019,45,664,299,299,38,18,33,31,43,51,31,20,34,38,18,33,31,43,51,31,20,34
Пласница,2019,52,1035,538,530,64,70,52,54,65,57,55,61,60,62,69,52,55,64,55,54,59,60
Прилеп,2019,500,1307,6534,6538,718,743,706,797,730,735,699,726,680,699,746,710,815,728,730,705,727,678
Пробиштип,2019,124,861,1068,1063,108,114,113,129,127,121,120,119,117,106,114,113,129,126,120,120,118,117
Радовиш,2019,285,857,2443,2402,302,320,272,336,282,263,234,226,208,298,318,267,330,279,258,226,220,206
Ранковце,2019,40,848,339,325,39,42,36,48,44,29,38,27,36,39,40,36,48,35,29,36,27,35
Ресен,2019,163,667,1088,1317,132,132,127,143,119,109,106,112,108,148,152,155,160,148,145,130,141,138
Росоман,2019,44,805,354,357,31,24,36,47,49,35,33,57,42,33,26,35,47,48,36,33,57,42
Свети Николе,2019,163,792,1291,1280,135,137,133,150,157,138,165,127,149,136,136,131,148,153,138,162,127,149
Сопиште,2019,99,564,558,552,72,63,63,68,55,61,71,50,55,72,63,62,66,55,61,69,49,55
Старо Нагоричане,2019,72,407,293,282,35,27,33,25,32,27,36,30,48,33,27,33,21,31,25,36,30,46
Струга,2019,709,763,5412,5371,632,646,605,611,531,630,577,581,599,621,653,593,614,525,636,564,587,578
Струмица,2019,476,1054,5018,4938,655,635,579,603,562,539,535,451,459,634,614,579,594,564,536,523,449,445
Студеничани,2019,242,1410,3411,3372,410,425,389,429,346,377,318,359,358,421,416,379,426,339,376,315,355,345
Теарце,2019,205,815,1670,1659,213,202,205,199,177,181,179,162,152,213,205,207,201,175,177,170,160,151
Тетово,2019,814,1215,9892,9812,1162,1123,1108,1157,1068,1017,1117,1066,1074,1155,1105,1088,1157,1075,1010,1108,1057,1057
Центар Жупа,2019,77,686,528,507,60,57,57,67,55,61,60,55,56,61,57,55,66,52,57,54,52,53
Чашка,2019,112,1037,1161,1219,160,177,138,140,142,110,114,81,99,156,179,139,140,147,133,123,102,100
Чешиново - Облешево,2019,88,411,362,363,38,40,41,38,49,35,42,43,36,39,40,41,38,49,35,42,43,36
Чучер - Сандево,2019,84,788,662,651,63,72,76,87,68,76,70,88,62,64,73,76,82,73,67,69,88,59
Штип,2019,357,1125,4016,3941,458,467,441,492,492,434,381,405,446,448,456,432,481,472,426,381,399,446
Аеродром,2020,489,1407,6878,6834,888,794,815,773,802,754,691,700,661,891,789,810,765,798,742,689,696,654
Бутел,2020,353,1438,5075,5047,574,566,623,594,575,568,504,523,548,572,568,607,609,551,566,495,559,520
Гази Баба,2020,490,1408,6897,6803,792,804,833,787,773,765,723,691,729,773,787,820,782,762,750,723,683,723
Ѓорче Петров,2020,266,1354,3602,3542,475,414,395,408,399,377,355,404,375,448,406,391,405,398,373,349,400,372
Карпош,2020,564,1200,6770,6755,753,801,763,732,783,778,763,702,695,748,799,762,732,784,780,764,690,696
Кисела Вода,2020,399,1345,5365,5343,635,626,593,619,616,574,600,533,569,641,621,615,592,632,550,615,524,553
Сарај,2020,438,1304,5710,5699,692,704,674,659,632,608,553,582,606,682,684,683,646,633,630,562,579,600
Центар,2020,361,1301,4696,4681,590,545,548,532,521,513,471,495,481,587,543,546,521,524,515,470,496,479
Чаир,2020,555,1476,8192,8201,976,953,986,909,959,872,861,851,825,994,945,988,905,957,882,860,851,819
Шуто Оризари,2020,233,1781,4150,4081,517,621,593,482,501,389,376,352,319,520,622,573,471,494,381,364,330,326
Арачиново,2020,131,1615,2115,2103,226,246,235,230,248,229,243,237,221,221,254,231,220,248,227,242,236,224
Берово,2020,102,776,792,790,91,86,89,79,91,93,80,83,100,91,86,90,79,90,93,79,83,99
Битола,2020,728,1050,7646,7636,850,854,843,841,896,871,848,829,814,860,851,837,843,890,868,846,828,813
Богданци,2020,65,845,549,547,65,64,62,46,65,55,67,59,66,65,64,61,46,65,55,67,58,66
Боговиње,2020,336,797,2678,2645,303,309,312,321,293,324,271,278,267,297,307,312,310,298,310,271,278,262
Босилово,2020,186,499,929,893,108,117,113,112,127,80,105,77,90,105,112,106,106,124,74,102,76,88
Брвеница,2020,194,826,1602,1611,204,175,171,183,170,170,166,172,191,203,176,181,183,178,174,162,167,187
Валандово,2020,166,566,939,941,98,96,101,104,123,110,106,103,98,97,96,102,104,124,110,107,103,98
Василево,2020,148,722,1068,1058,129,136,127,129,141,129,106,76,95,127,133,128,127,141,129,104,74,95
Вевчани,2020,24,796,191,191,19,15,21,21,18,23,26,16,32,19,15,21,21,18,23,26,16,32
Велес,2020,352,1279,4502,4490,512,541,523,491,533,497,509,452,444,508,538,523,490,524,503,511,455,438
Виница,2020,193,715,1379,1244,145,157,167,156,177,164,141,132,140,123,142,145,138,153,154,128,130,131
Врапчиште,2020,293,748,2191,2173,219,235,245,274,245,253,253,231,236,210,237,244,277,246,248,250,225,236
Гевгелија,2020,170,1091,1855,1854,203,200,203,179,209,254,224,192,191,203,200,202,178,209,254,224,193,191
Гостивар,2020,715,859,6139,6110,717,721,676,672,737,681,690,635,610,717,715,656,687,733,660,676,637,629
Градско,2020,35,929,325,320,32,49,30,34,41,42,39,37,21,32,46,29,33,41,42,39,37,21
Дебар,2020,215,924,1986,1953,231,199,221,213,244,198,221,225,234,216,214,213,229,229,210,223,211,208
Дебарца,2020,104,188,196,196,18,24,23,14,31,21,19,17,29,19,24,22,14,30,21,20,17,29
Делчево,2020,147,710,1043,1034,108,96,120,115,131,107,123,105,138,108,96,117,117,127,108,123,101,137
Демир Капија,2020,39,828,323,319,42,32,36,41,36,31,35,39,31,42,32,36,42,34,31,35,37,30
Демир Хисар,2020,87,561,488,499,39,49,50,63,52,72,60,49,54,40,49,48,70,62,70,59,48,53
Дојран,2020,43,623,268,261,29,39,35,26,25,31,30,31,22,29,37,33,25,25,31,29,31,21
Долнени,2020,288,674,1942,1876,223,199,238,230,204,214,213,208,213,208,198,226,210,193,223,200,207,211
Желино,2020,289,941,2719,2689,311,331,314,287,289,296,281,309,301,308,329,307,284,292,291,274,304,300
Зелениково,2020,54,556,300,299,38,28,34,30,26,41,30,34,39,38,29,34,29,26,41,30,33,39
Зрновци,2020,34,476,162,160,23,23,17,18,17,16,18,15,15,22,23,17,18,16,16,18,15,15
Илинден,2020,119,1380,1642,1641,192,160,168,173,214,174,186,191,184,192,160,168,173,214,174,184,192,184
Јегуновце,2020,146,595,868,865,87,85,93,82,104,100,107,92,118,89,83,93,82,106,98,105,90,119
Кавадарци,2020,340,918,3120,3116,364,338,369,321,342,326,376,362,322,363,342,370,324,340,321,377,357,322
Карбинци,2020,89,390,347,416,35,32,50,34,42,48,29,39,38,46,48,64,49,52,47,31,40,39
Кичево,2020,515,683,3518,3517,401,368,384,428,414,384,399,382,358,407,367,380,426,415,385,399,380,358
Конче,2020,66,402,265,264,30,27,40,32,38,26,17,32,23,29,27,40,32,38,26,17,32,23
Кочани,2020,241,1094,2637,2609,290,295,331,266,320,311,284,284,256,288,292,322,264,323,304,281,280,255
Кратово,2020,107,451,483,516,50,50,60,54,49,53,61,51,55,59,53,57,59,51,56,66,54,61
Крива Паланка,2020,280,520,1457,1447,163,149,167,163,188,178,132,162,155,160,149,168,162,188,172,132,162,154
Кривогаштани,2020,60,842,505,505,42,57,59,32,57,62,56,73,67,42,56,59,32,57,62,57,73,67
Крушево,2020,103,748,770,769,95,109,98,75,102,87,80,62,62,96,108,98,75,101,87,80,62,62
Куманово,2020,904,1137,10277,10200,1206,1168,1200,1117,1192,1129,1127,1039,1099,1176,1173,1188,1106,1159,1178,1121,1019,1080
Липково,2020,313,876,2741,2744,286,332,341,286,316,278,278,316,308,293,329,326,280,321,291,286,305,313
Лозово,2020,27,778,210,210,31,23,25,18,31,15,19,22,26,31,23,25,18,31,15,19,22,26
Маврово и Ростуша,2020,108,442,477,458,54,55,47,56,60,53,54,43,55,51,53,46,54,58,52,51,43,50
Македонска Каменица,2020,67,758,508,501,64,42,56,56,67,61,57,50,55,63,40,55,56,67,60,55,50,55
Македонски Брод,2020,87,672,585,464,50,42,63,74,67,76,81,69,63,40,32,48,53,49,64,67,58,53
Могила,2020,108,487,526,526,45,48,54,62,53,66,69,62,67,45,48,53,63,53,66,69,62,67
Неготино,2020,142,1187,1685,1676,204,196,204,163,181,199,177,191,170,200,195,203,163,182,197,176,191,169
Новаци,2020,82,307,252,249,22,25,16,24,28,36,35,33,33,23,24,15,24,28,35,35,32,33
Ново Село,2020,147,287,422,417,43,44,52,44,44,39,51,58,47,39,44,52,44,45,39,50,57,47
Охрид,2020,399,1142,4557,4317,508,478,479,490,524,510,502,540,526,483,459,454,461,502,476,465,517,500
Петровец,2020,93,1199,1115,1130,143,129,145,117,142,120,111,114,94,143,127,144,118,142,128,121,114,93
Пехчево,2020,45,658,296,295,33,38,18,32,31,42,51,31,20,33,38,18,32,31,42,50,31,20
Пласница,2020,55,920,506,512,62,58,63,45,58,64,55,51,50,69,63,65,43,56,63,53,51,49
Прилеп,2020,517,1260,6512,6383,745,694,737,693,806,752,694,685,706,692,658,709,694,805,748,688,684,705
Пробиштип,2020,126,825,1040,1037,100,106,113,114,126,126,119,119,117,100,105,113,114,126,126,117,119,117
Радовиш,2020,298,821,2447,2427,274,293,317,260,324,282,256,224,217,276,287,314,258,324,278,254,221,215
Ранковце,2020,39,831,324,322,35,39,41,35,47,34,30,36,27,33,39,41,35,47,34,30,36,27
Ресен,2020,159,690,1097,1330,139,126,125,127,134,119,111,106,110,163,143,150,156,157,146,147,129,139
Росоман,2020,64,561,359,358,40,33,26,38,47,49,36,33,57,41,33,25,37,47,49,36,33,57
Свети Николе,2020,179,698,1249,1243,136,137,130,130,147,146,134,163,126,135,136,129,128,147,146,133,163,126
Сопиште,2020,98,585,573,575,77,72,65,61,67,54,60,68,49,78,72,66,60,67,55,60,68,49
Старо Нагоричане,2020,89,306,272,266,28,35,27,33,24,33,25,37,30,28,33,27,33,20,33,26,36,30
Струга,2020,733,741,5428,5353,611,632,647,612,609,530,629,572,586,617,621,632,589,606,525,619,566,578
Струмица,2020,486,1034,5026,4986,611,625,599,561,588,580,512,511,439,601,611,591,555,579,571,518,525,435
Студеничани,2020,241,1447,3487,3365,465,417,420,378,427,341,376,317,346,392,404,377,398,399,377,351,348,319
Теарце,2020,214,809,1731,1705,230,210,198,203,199,181,176,175,159,228,206,195,200,196,177,174,170,159
Тетово,2020,836,1179,9859,9760,1148,1145,1100,1081,1155,1061,1006,1100,1063,1135,1139,1095,1069,1143,1053,995,1085,1046
Центар Жупа,2020,72,735,529,507,55,57,60,61,67,59,60,57,53,56,55,55,61,63,55,58,52,52
Чашка,2020,113,1041,1176,1174,126,153,176,139,141,144,103,114,80,126,151,178,138,141,142,104,115,79
Чешиново - Облешево,2020,91,397,361,359,40,39,40,41,35,47,35,41,43,39,39,40,41,35,47,35,40,43
Чучер - Сандево,2020,85,780,663,641,66,65,71,77,82,77,68,71,86,57,64,68,77,80,73,67,69,86
Штип,2020,363,1099,3991,3892,484,446,454,427,500,488,412,383,397,474,430,442,418,477,483,404,375,389
Аеродром,2021,529,1340,7091,7109,937,881,790,815,757,786,745,687,693,910,898,781,826,766,778,752,686,712
Бутел,2021,361,1436,5183,5101,620,577,595,646,581,582,543,519,520,600,569,560,617,600,566,563,502,524
Гази Баба,2021,493,1382,6812,6725,745,786,790,813,782,759,743,715,679,747,781,764,781,765,755,709,734,689
Ѓорче Петров,2021,284,1253,3559,3546,419,432,412,383,400,391,370,352,400,412,444,406,385,400,385,368,347,399
Карпош,2021,582,1170,6810,6805,783,761,790,757,739,774,768,760,678,797,755,784,756,734,778,762,757,682
Кисела Вода,2021,399,1392,5555,5303,640,641,838,579,585,614,530,607,521,649,637,607,581,581,600,528,603,517
Сарај,2021,407,1317,5359,5359,611,637,686,608,599,589,579,506,544,609,648,658,624,605,582,585,518,530
Центар,2021,383,1245,4770,4756,591,583,539,545,514,519,514,470,495,592,582,539,539,510,517,512,470,495
Чаир,2021,545,1464,7981,8248,917,944,893,933,850,960,850,823,811,888,987,959,968,919,940,891,875,821
Шуто Оризари,2021,255,1623,4139,4051,503,552,588,550,426,465,379,351,325,494,548,577,537,417,452,376,341,309
Арачиново,2021,130,1618,2103,2089,225,253,233,222,239,234,236,238,223,225,222,249,230,219,248,224,239,233
Берово,2021,102,761,776,764,92,92,85,86,78,91,91,78,83,92,88,85,86,78,89,89,76,81
Битола,2021,754,1018,7676,7662,872,875,836,835,844,885,866,841,822,866,871,836,831,847,884,866,839,822
Богданци,2021,66,824,544,538,65,66,64,60,45,65,54,67,58,66,66,63,60,43,63,53,66,58
Боговиње,2021,359,740,2657,2602,289,299,306,303,307,294,306,282,271,286,295,298,287,302,289,293,264,288
Босилово,2021,188,482,907,866,108,109,118,109,111,101,77,100,74,106,96,107,101,102,113,74,95,72
Брвеница,2021,202,777,1570,1552,184,199,172,168,184,166,175,162,160,188,196,167,165,178,163,172,163,160
Валандово,2021,167,550,919,922,89,95,95,101,102,122,109,104,102,90,95,97,101,102,122,109,104,102
Василево,2021,146,724,1057,992,108,125,130,124,123,141,124,110,72,109,115,123,119,116,127,119,100,64
Вевчани,2021,28,643,180,180,21,19,15,21,21,18,23,26,16,21,19,15,21,21,18,23,26,16
Велес,2021,366,1231,4504,4475,470,515,530,523,485,542,492,499,448,470,513,524,517,481,541,492,495,442
Виница,2021,184,684,1259,1189,153,126,139,143,133,154,159,122,130,148,125,133,136,126,136,145,118,122
Врапчиште,2021,281,769,2160,2104,224,209,234,248,274,241,246,254,230,224,205,228,240,266,237,236,245,223
Гевгелија,2021,182,1037,1887,1873,232,202,198,200,178,204,257,222,194,230,199,195,202,176,205,255,219,192
Гостивар,2021,738,831,6135,6089,667,717,711,670,659,737,679,670,625,710,724,705,667,648,681,677,658,619
Градско,2021,36,928,334,328,40,33,42,31,31,41,42,39,35,38,33,41,30,31,39,42,39,35
Дебар,2021,209,945,1976,2001,204,235,205,230,224,233,199,221,225,224,238,212,227,225,238,192,231,214
Дебарца,2021,102,181,185,180,22,18,25,22,14,28,20,19,17,21,19,23,22,14,27,18,19,17
Делчево,2021,147,685,1007,1004,116,106,96,118,113,126,106,124,102,114,102,99,117,114,126,106,124,102
Демир Капија,2021,39,849,331,323,40,42,31,36,42,35,31,37,37,39,42,32,35,42,34,30,34,35
Демир Хисар,2021,91,513,467,465,41,40,48,49,62,50,70,59,48,41,40,49,49,61,48,71,58,48
Дојран,2021,51,535,273,265,31,29,37,34,26,25,31,29,31,31,28,36,34,24,22,30,29,31
Долнени,2021,285,665,1894,1893,198,214,192,233,218,214,215,207,203,197,215,187,229,216,224,215,207,203
Желино,2021,305,855,2607,2577,258,307,326,302,277,281,287,271,298,254,305,324,296,275,279,282,267,295
Зелениково,2021,59,508,300,302,42,39,29,33,29,26,39,30,33,42,38,28,35,29,26,39,31,34
Зрновци,2021,35,457,160,158,14,22,23,17,18,17,16,18,15,14,22,23,17,18,17,15,18,14
Илинден,2021,116,1436,1666,1664,208,193,159,171,172,217,174,183,189,207,193,161,171,171,217,174,181,189
Јегуновце,2021,152,542,824,818,87,89,84,91,78,103,98,105,89,86,92,82,90,78,101,97,102,90
Кавадарци,2021,348,910,3167,3143,407,362,336,367,323,332,317,373,350,405,360,334,362,319,328,317,370,348
Карбинци,2021,87,399,347,406,44,34,32,50,30,48,42,31,36,53,44,45,62,49,47,39,32,35
Кичево,2021,544,643,3497,3454,390,395,361,380,420,407,376,398,370,390,392,356,374,413,405,371,388,365
Конче,2021,61,418,255,246,30,28,26,38,31,28,26,16,32,27,27,24,38,31,27,24,16,32
Кочани,2021,252,1054,2657,2659,316,291,290,324,262,330,293,277,274,321,289,290,324,263,329,295,276,272
Кратово,2021,122,394,481,502,61,54,48,55,54,49,50,60,50,61,57,50,53,58,47,53,68,55
Крива Паланка,2021,269,532,1432,1427,147,158,148,165,161,186,176,130,161,146,157,147,164,161,186,175,130,161
Кривогаштани,2021,83,590,490,489,50,42,55,58,32,64,60,55,74,50,42,55,57,32,64,60,55,74
Крушево,2021,105,733,770,765,102,96,107,98,74,67,87,77,62,102,96,105,97,73,67,87,77,61
Куманово,2021,921,1113,10250,10146,1169,1196,1155,1187,1083,1185,1143,1103,1029,1132,1194,1160,1164,1094,1119,1181,1072,1030
Липково,2021,325,863,2804,2705,297,297,345,341,297,325,289,287,326,291,300,319,323,284,312,292,266,318
Лозово,2021,27,774,209,204,27,31,22,24,18,31,15,18,23,27,31,21,24,17,30,14,18,22
Маврово и Ростуша,2021,107,417,446,424,43,50,52,47,54,58,52,48,42,41,48,49,44,53,55,50,44,40
Македонска Каменица,2021,86,588,506,470,45,69,40,58,62,65,61,57,49,42,61,37,53,54,63,58,54,48
Македонски Брод,2021,88,516,454,454,39,41,33,49,56,49,63,67,57,38,40,32,48,55,50,66,68,57
Могила,2021,98,518,508,508,49,45,47,54,64,52,66,69,62,49,45,48,53,64,52,66,69,62
Неготино,2021,149,1130,1684,1659,186,204,192,199,163,191,196,167,186,177,204,189,197,161,183,196,167,185
Новаци,2021,70,337,236,235,24,22,24,14,23,28,35,34,32,24,22,24,14,23,28,34,34,32
Ново Село,2021,124,325,403,396,58,41,41,50,42,29,39,46,57,43,39,41,50,43,44,34,48,54
Охрид,2021,407,1108,4511,4264,508,502,478,472,491,528,507,497,528,482,480,461,442,462,496,475,457,509
Петровец,2021,94,1224,1151,1152,119,144,128,145,111,150,128,118,108,117,138,132,143,118,151,127,118,108
Пехчево,2021,46,680,313,311,39,33,38,18,33,31,41,49,31,39,32,38,18,33,30,41,49,31
Пласница,2021,55,776,427,422,47,59,43,56,34,45,56,45,42,48,59,43,55,34,45,55,42,41
Прилеп,2021,517,1237,6395,6247,712,740,692,694,691,815,719,672,660,670,685,647,692,692,808,721,672,660
Пробиштип,2021,133,786,1045,1042,122,99,106,113,115,128,125,117,120,119,99,107,113,116,127,125,117,119
Радовиш,2021,296,832,2463,2417,302,271,278,302,255,324,274,241,216,299,279,283,287,249,308,264,237,211
Ранковце,2021,39,841,328,328,40,31,39,41,34,46,33,28,36,40,31,39,41,34,44,35,28,36
Ресен,2021,189,605,1144,1327,133,149,142,129,135,126,116,109,105,150,160,140,148,155,157,144,144,129
Росоман,2021,53,649,344,346,45,41,33,25,38,46,47,36,33,45,41,32,25,39,46,48,37,33
Свети Николе,2021,176,715,1258,1254,152,131,132,130,132,142,146,130,163,151,129,135,128,128,142,148,130,163
Сопиште,2021,95,612,581,581,60,77,74,67,59,66,53,59,66,60,76,74,67,59,67,53,59,66
Старо Нагоричане,2021,91,296,269,266,29,28,35,28,31,24,33,25,36,28,29,32,29,30,24,33,25,36
Струга,2021,776,707,5485,5246,611,615,639,643,596,620,542,637,582,586,598,617,614,579,593,511,604,544
Струмица,2021,499,1012,5050,4995,595,593,598,567,546,622,538,496,495,587,599,584,560,548,607,537,487,486
Студеничани,2021,241,1456,3510,3600,442,455,421,406,370,406,324,377,309,449,446,434,427,360,430,339,382,333
Теарце,2021,217,814,1767,1732,220,225,208,195,198,195,178,175,173,215,224,204,190,196,190,175,170,168
Тетово,2021,853,1155,9848,9703,1131,1146,1125,1125,1059,1139,1059,989,1075,1112,1123,1123,1080,1049,1145,1025,973,1073
Центар Жупа,2021,85,601,511,515,44,54,55,66,61,65,53,61,52,48,55,59,64,56,70,55,57,51
Чашка,2021,119,996,1185,1219,125,122,149,173,136,133,137,100,110,136,122,149,176,137,138,144,103,114
Чешиново - Облешево,2021,89,396,352,350,42,40,37,39,41,33,45,35,40,42,40,38,39,40,33,44,35,39
Чучер - Сандево,2021,86,693,596,586,45,57,64,69,77,76,72,67,69,46,58,64,66,77,75,70,65,65
Штип,2021,358,1090,3903,3837,453,467,427,442,417,486,458,394,359,448,456,417,427,403,484,453,392,357
Аеродром,2022,522,1399,7301,7237,933,934,878,796,809,750,771,755,675,923,927,871,783,791,749,770,752,671
Бутел,2022,366,1434,5249,5175,610,613,584,569,640,598,565,566,504,606,593,560,563,618,600,567,560,508
Гази Баба,2022,508,1338,6795,6719,767,736,777,773,790,773,747,732,700,767,728,763,766,777,755,740,724,699
Ѓорче Петров,2022,288,1232,3547,3522,431,406,436,404,383,402,384,360,341,427,407,437,405,377,390,385,358,336
Карпош,2022,605,1152,6970,6825,788,809,771,796,762,737,782,768,757,769,796,749,775,748,719,763,761,745
Кисела Вода,2022,416,1301,5413,4800,635,643,634,605,598,576,598,526,598,570,580,581,529,541,487,517,448,547
Сарај,2022,428,1267,5423,5348,634,608,642,648,620,597,580,582,512,629,586,625,630,623,597,581,574,503
Центар,2022,361,1339,4835,4808,602,589,573,546,530,499,516,513,467,599,583,564,543,529,497,516,514,463
Чаир,2022,555,1520,8434,8402,1005,905,1001,953,981,908,961,868,852,1006,904,999,926,987,899,959,873,849
Шуто Оризари,2022,237,1768,4190,4059,589,498,547,538,504,407,442,338,327,578,484,536,520,502,389,422,310,318
Арачиново,2022,129,1610,2077,2006,187,223,222,249,230,217,248,262,239,186,223,218,246,228,214,239,220,232
Берово,2022,98,757,742,734,67,92,89,84,84,75,88,87,76,66,91,87,84,84,74,88,84,76
Битола,2022,698,1089,7603,7564,850,875,840,835,820,852,877,842,812,844,868,835,829,818,844,871,843,812
Богданци,2022,61,875,534,526,65,63,62,65,58,40,63,53,65,63,64,62,62,59,39,61,53,63
Боговиње,2022,370,702,2597,2535,300,283,282,304,284,299,288,292,265,295,279,274,298,274,294,280,282,259
Босилово,2022,176,489,860,823,98,104,96,109,103,94,89,76,91,98,103,92,100,93,89,90,72,86
Брвеница,2022,204,772,1574,1543,174,193,196,166,161,186,165,173,160,172,191,191,165,157,180,160,171,156
Валандово,2022,157,589,925,924,112,89,97,97,100,103,120,107,100,111,90,96,99,100,102,119,106,101
Василево,2022,126,833,1050,974,102,113,120,127,118,130,125,119,96,94,107,109,115,114,118,118,114,85
Вевчани,2022,27,663,179,177,15,21,19,15,21,21,18,23,26,15,21,19,15,20,21,17,23,26
Велес,2022,375,1215,4556,4406,487,501,539,544,547,505,499,478,456,466,471,503,507,516,478,512,476,477
Виница,2022,194,629,1221,1183,138,149,125,135,137,134,137,151,115,131,148,115,129,135,130,135,149,111
Врапчиште,2022,279,714,1993,1998,167,214,200,219,222,262,227,240,242,168,213,197,217,232,262,226,240,243
Гевгелија,2022,172,1108,1905,1885,227,231,199,200,200,175,205,252,216,223,225,197,198,197,174,205,250,216
Гостивар,2022,836,721,6029,5944,606,679,727,696,670,634,717,643,657,630,680,692,693,661,628,700,618,642
Градско,2022,35,903,316,305,29,37,34,41,29,30,38,40,38,28,36,33,41,28,28,35,39,37
Дебар,2022,214,896,1917,1944,193,207,222,215,203,236,221,200,220,210,204,212,229,200,235,227,207,220
Дебарца,2022,82,217,178,177,19,21,18,22,22,12,27,18,19,20,20,19,21,22,12,27,18,18
Делчево,2022,144,690,993,991,107,111,103,96,113,115,124,105,119,106,110,104,94,114,114,123,105,121
Демир Капија,2022,41,800,328,315,35,40,41,34,35,43,34,32,34,34,39,41,31,34,41,32,32,31
Демир Хисар,2022,79,587,464,464,52,39,40,49,49,61,47,70,57,53,39,40,49,49,61,47,69,57
Дојран,2022,50,526,263,255,32,28,28,36,33,26,22,30,28,30,27,28,34,34,23,22,29,28
Долнени,2022,287,641,1840,1805,176,193,214,185,224,219,210,213,206,173,176,204,187,206,240,219,204,196
Желино,2022,306,805,2464,2414,269,250,300,303,283,258,270,273,258,264,244,292,295,280,251,267,268,253
Зелениково,2022,47,643,302,303,36,42,36,28,36,29,24,39,32,36,42,37,28,35,29,25,39,32
Зрновци,2022,35,451,158,152,16,13,22,23,17,18,15,16,18,16,13,22,22,17,16,14,14,18
Илинден,2022,131,1282,1679,1662,203,211,194,162,177,167,217,169,179,199,211,193,158,175,166,215,167,178
Јегуновце,2022,146,558,814,780,78,86,92,85,90,86,104,94,99,75,83,89,81,84,77,100,92,99
Кавадарци,2022,346,903,3123,3104,360,403,359,326,360,315,322,320,358,357,402,356,323,356,314,323,318,355
Карбинци,2022,99,381,377,417,46,46,36,37,54,42,50,37,29,55,53,45,44,62,42,49,38,29
Кичево,2022,468,726,3399,3364,343,388,389,351,376,401,395,370,386,337,386,388,345,373,403,392,363,377
Конче,2022,67,328,220,218,16,27,25,24,36,27,26,24,15,16,26,25,24,36,27,26,24,14
Кочани,2022,249,1037,2583,2594,323,304,277,253,309,269,306,285,257,326,304,276,274,306,263,306,281,258
Кратово,2022,104,444,462,487,41,60,52,47,52,55,45,51,59,43,61,55,48,59,58,46,55,62
Крива Паланка,2022,261,527,1376,1368,131,146,157,145,163,156,183,170,125,132,147,155,146,164,153,180,168,123
Кривогаштани,2022,69,677,467,461,56,49,42,55,57,30,63,60,55,55,47,42,54,56,29,63,60,55
Крушево,2022,94,818,769,766,82,102,95,106,97,56,67,87,77,81,102,95,104,97,55,69,87,76
Куманово,2022,948,1057,10019,9950,1067,1115,1162,1128,1143,1097,1094,1133,1080,1072,1109,1147,1115,1131,1087,1087,1126,1076
Липково,2022,336,815,2738,2542,301,287,290,332,330,310,309,296,283,274,267,265,317,318,271,298,273,259
Лозово,2022,30,677,203,202,22,27,32,19,23,18,30,14,18,22,27,32,19,23,18,29,14,18
Маврово и Ростуша,2022,120,377,452,383,37,44,51,65,49,53,57,51,45,31,36,40,49,35,50,51,49,42
Македонска Каменица,2022,85,598,508,493,59,48,64,38,62,56,64,60,57,55,43,66,38,55,55,64,60,57
Македонски Брод,2022,89,507,451,446,50,40,41,33,49,56,51,63,68,50,38,40,32,48,56,51,63,68
Могила,2022,97,508,493,492,46,50,45,48,54,62,51,68,69,47,50,45,47,54,62,50,68,69
Неготино,2022,146,1137,1660,1648,199,183,202,184,195,166,178,189,164,199,181,199,185,195,164,173,189,163
Новаци,2022,59,381,225,219,21,25,22,24,16,21,27,35,34,20,24,21,23,15,21,27,34,34
Ново Село,2022,102,355,362,353,37,43,39,36,48,40,42,33,44,38,40,38,32,48,40,41,33,43
Охрид,2022,409,1092,4468,4230,542,501,497,479,465,498,512,487,487,517,479,472,459,436,470,486,460,451
Петровец,2022,99,1206,1194,1176,149,114,144,128,144,124,148,127,116,146,114,142,125,143,124,144,125,113
Пехчево,2022,47,647,304,299,26,37,31,38,18,34,30,40,50,27,36,30,36,18,32,30,40,50
Пласница,2022,55,784,431,420,51,47,57,44,53,39,45,55,40,49,47,58,40,53,38,45,50,40
Прилеп,2022,527,1193,6287,6212,677,693,730,668,705,710,748,712,644,651,679,742,672,695,701,743,697,632
Пробиштип,2022,131,776,1017,1010,97,118,98,108,113,117,125,126,115,95,117,99,107,112,116,124,126,114
Радовиш,2022,296,811,2402,2275,297,286,238,274,285,264,273,256,229,283,266,232,258,265,256,261,230,224
Ранковце,2022,39,823,321,318,36,39,30,39,38,34,45,33,27,35,38,30,39,38,33,45,33,27
Ресен,2022,186,587,1092,1311,110,126,136,123,122,126,132,113,104,134,148,155,136,148,152,155,144,139
Росоман,2022,48,733,352,350,39,42,42,33,26,40,45,48,37,39,41,42,33,25,40,45,48,37
Свети Николе,2022,168,726,1220,1217,132,153,127,133,128,126,148,147,126,132,152,127,134,128,125,148,147,124
Сопиште,2022,96,584,561,556,61,60,73,71,65,58,64,51,58,60,58,73,71,65,58,63,50,58
Старо Нагоричане,2022,88,302,266,262,33,29,29,34,29,29,24,33,26,32,27,29,33,28,29,24,34,26
Струга,2022,749,690,5168,5237,554,582,595,594,595,568,582,502,596,579,599,599,616,584,563,585,509,603
Струмица,2022,500,984,4922,4891,542,573,570,594,544,573,547,507,472,548,586,575,570,541,565,541,501,464
Студеничани,2022,246,1485,3652,3667,480,441,450,419,414,368,397,317,366,452,442,434,425,420,371,413,339,371
Теарце,2022,224,784,1757,1724,195,216,221,207,191,193,188,174,172,192,214,217,201,185,191,184,171,169
Тетово,2022,868,1106,9603,9540,1077,1105,1121,1105,1067,1040,1133,1011,944,1064,1086,1129,1085,1062,1031,1136,1006,941
Центар Жупа,2022,76,663,504,487,49,47,53,66,63,58,63,52,53,48,48,55,56,58,57,69,49,47
Чашка,2022,117,1006,1177,1156,148,120,119,144,166,127,126,130,97,144,119,118,142,164,123,121,129,96
Чешиново - Облешево,2022,97,369,358,357,51,41,40,38,38,39,33,46,32,51,41,40,38,38,39,33,46,31
Чучер - Сандево,2022,84,694,583,588,63,47,62,64,67,74,76,68,62,65,47,65,65,66,74,76,68,62
Штип,2022,346,1114,3855,3771,452,441,458,409,422,421,447,435,370,445,429,447,399,415,408,435,425,368
