RKB,centralno,duration (h),distance (km),coordinates_centralno,coordinates_podracno,Населено место
7750103476,Аеродром - ООУ „Гоце Делчев“,0.1013888889,3.068,"41.9698429,21.4870208","41.9902048,21.477374",с. Долно Лисиче
7010104138,Арачиново - ООУ „Ѓерѓ Кастриоти Скендербеу“,0.1352777778,3.428,"42.0259089,21.5642524","42.0452652,21.5728569",с. Мојанче
7010104138,Арачиново - ООУ „Ѓерѓ Кастриоти Скендербеу“,0.1144444444,4.162,"42.0259089,21.5642524","42.047727,21.5926838",с. Орланче
7020105355,Берово - ООУ „Дедо Иљо Малешевски“,0.4880555556,24.178,"41.707950780384465, 22.855144797486066","41.5904433,22.9185855",с. Двориште - Берово
7020105355,Берово - ООУ „Дедо Иљо Малешевски“,0.07805555556,3.753,"41.7077826,22.8545511","41.7369176,22.8390488",с. Смојмирово
7020105355,Берово - ООУ „Дедо Иљо Малешевски“,0.16,9.851,"41.7104071,22.8467131","41.7631614,22.7766109",с. Будинарци
7020105355,Берово - ООУ „Дедо Иљо Малешевски“,0.1455555556,6.516,"41.7104071,22.8467131","41.7097895,22.7836551",с. Владимирово
7020105355,Берово - ООУ „Дедо Иљо Малешевски“,0.25,15.521,"41.7104071,22.8467131","41.7799433,22.7413956",с. Митрашинци
7020105355,Берово - ООУ „Дедо Иљо Малешевски“,0.1161111111,6.225,"41.7104071,22.8467131","41.6738929,22.8519488",с. Ратево
7030104820,Битола - OОУ „Александар Турунџиев“ с.Кукуречани,0.1438888889,8.37,"41.0994604,21.3203646","41.1337001,21.2415884",с. Габалавци
7030104820,Битола - OОУ „Александар Турунџиев“ с.Кукуречани,0.05138888889,3.037,"41.0994604,21.3203646","41.1116729,21.2936198",с. Драгожани
7030104820,Битола - OОУ „Александар Турунџиев“ с.Кукуречани,0.0125,0.735,"41.0994604,21.3203646","41.0940881,21.3251401",с. Кукуречани
7030104820,Битола - OОУ „Александар Турунџиев“ с.Кукуречани,0.1072222222,6.576,"41.0994604,21.3203646","41.1480842,21.3021443",с. Лисолај
7030104820,Битола - OОУ „Александар Турунџиев“ с.Кукуречани,0.04583333333,2.643,"41.0994604,21.3203646","41.1217024,21.3241946",с. Црнобуки
7030104820,Битола - OОУ „Александар Турунџиев“ с.Кукуречани,0.1083333333,5.022,"41.0994604,21.3203646","41.074013,21.3274034",с. Крклино
7030104685,Битола - OОУ „Д-р Трифун Пановски“ Битола,0.1502777778,4.447,"41.0311034,21.3268338","41.0233794,21.2847983",с. Брусник
7030104685,Битола - OОУ „Д-р Трифун Пановски“ Битола,0.2036111111,7.696,"41.0311034,21.3268338","41.0550982,21.2627806",с. Братиндол
7030104685,Битола - OОУ „Д-р Трифун Пановски“ Битола,0.1597222222,6.302,"41.0311034,21.3268338","41.0329135,21.2631903",с. Дихово
7030104685,Битола - OОУ „Д-р Трифун Пановски“ Битола,0.1891666667,7.159,"41.0311034,21.3268338","41.0450702,21.2501205",с. Трново
7030104669,Битола - OОУ „Даме Груев“,0.1508333333,5.972,"41.0338325,21.344913","41.0642813,21.3939301",с. Карамани
7030104669,Битола - OОУ „Даме Груев“,0.09222222222,3.011,"41.0338325,21.344913","41.0475678,21.3705431",с. Долно Оризари
7030105126,Битола - OОУ „Елпида Караманди“,0.4463888889,18.936,"41.031412,21.3124487","41.08427517573025, 21.155494953752186",с. Доленци
7030105126,Битола - OОУ „Елпида Караманди“,0.3222222222,13.788,"41.031412,21.3124487","41.0567288,21.1783136",с. Цапари
7030104723,Битола - OОУ „Коле Канински“,0.1680555556,5.172,"41.0257784,21.3437735","41.0160535,21.3902424",с. Поешево
7030104723,Битола - OОУ „Коле Канински“,0.05222222222,0.684,"41.0257784,21.3437735","41.029917,21.3439345",нас. Буковски ливади
7030104723,Битола - OОУ „Коле Канински“,0.1488888889,4.344,"41.0257784,21.3437735","40.9951211,21.3324336",с. Буково
7030104847,Битола - OОУ „Крсте Петков Мисирков“,0.2866666667,13.465,"40.9933745,21.383053","40.9016261,21.3436576",с. Граешница
7030104847,Битола - OОУ „Крсте Петков Мисирков“,0.1741666667,8.546,"40.9933745,21.383053","40.9382804,21.3737964",с. Породин
7030104847,Битола - OОУ „Крсте Петков Мисирков“,0.1825,6.585,"40.9933745,21.383053","40.9529518,21.3575803",с. Барешани
7030104847,Битола - OОУ „Крсте Петков Мисирков“,0.1958333333,7.839,"40.9933745,21.383053","40.9460447,21.3549855",с. Канино
7030104847,Битола - OОУ „Крсте Петков Мисирков“,0.1530555556,5.458,"40.9933745,21.383053","40.9618246,21.3597607",с. Олевени
7030104847,Битола - OОУ „Крсте Петков Мисирков“,0.2672222222,12.194,"40.9933745,21.383053","40.9119961,21.3783985",с. Лажец
7030104847,Битола - OОУ „Крсте Петков Мисирков“,0.2352777778,10.332,"40.9933745,21.383053","40.9287973,21.3509713",с. Велушина
7030104847,Битола - OОУ „Крсте Петков Мисирков“,0.3827777778,17.013,"40.9933745,21.383053","40.8876467,21.3120167",с. Кишава
7030104847,Битола - OОУ „Крсте Петков Мисирков“,0.4105555556,14.854,"40.9933745,21.383053","40.9295312,21.3011458",с. Острец
7030104847,Битола - OОУ „Крсте Петков Мисирков“,0.2161111111,12.242,"40.9933745,21.383053","40.9248766,21.4587563",с. Кременица
7030104847,Битола - OОУ „Крсте Петков Мисирков“,0.1208333333,5.108,"40.9933745,21.383053","40.9564401,21.391905",с. Жабени
7030104847,Битола - OОУ „Крсте Петков Мисирков“,0.1094444444,4.071,"40.9933745,21.383053","40.9899246,21.4202262",с. Оптичари
7030104847,Битола - OОУ „Крсте Петков Мисирков“,0.1963888889,9.842,"40.9933745,21.383053","40.9297665,21.4311795",с. Меџитлија
7030104847,Битола - OОУ „Крсте Петков Мисирков“,0.1877777778,9.29,"40.9933745,21.383053","40.9585079,21.4567759",с. Егри
7030104847,Битола - OОУ „Крсте Петков Мисирков“,0.05111111111,1,"40.9933745,21.383053","40.9957403,21.3753504",с. Кравари
7030104707,Битола - OОУ „Св.Кирил и Методиј“,0.1833333333,6.877,"41.0309561,21.3386463","41.0310206,21.40872",с. Логоварди
7030104693,Битола - OОУ „Тодор Ангелевски“,0.0975,2.854,"41.0370266,21.3365295","41.0443082,21.3429734",нас. Стрелиште
7030104693,Битола - OОУ „Тодор Ангелевски“,0.09833333333,2.326,"41.0370266,21.3365295","41.0507997,21.3345624",нас. Горно Оризари
7040108125,Богданци - ООУ „Кирил и Методиј“ с.Стојаково,0.11,4.705,"41.1569766,22.5775051","41.1508632,22.6186594",с. Селемли
7040108117,Богданци - ООУ „Петар Мусев“,0.1161111111,4.113,"41.1997803,22.5788987","41.1931143,22.5377939",с. Ѓавото
7050107730,Боговиње - OОУ „11 Октомври“ с.Урвич,0.1358333333,4.014,"41.9483378,20.8952275","41.9440497,20.8642952",с. НовоСело-Боговиње
7050107730,Боговиње - OОУ „11 Октомври“ с.Урвич,0.09333333333,1.959,"41.9483378,20.8952275","41.9597162,20.8956529",с. Јеловјане
7050107390,Боговиње - OОУ „Абдил Фрашери“ с.Боговиње,0.5452777778,15.304,"41.9483379,20.8952274","41.9386764,20.877085",с. Селце Кеч
7050107390,Боговиње - OОУ „Абдил Фрашери“ с.Боговиње,0.05277777778,1.337,"41.9164672,20.9048639","41.9207226,20.8975427",с. Ранковец
7050107854,Боговиње - ОOУ „Дервиш Цара“ с.Долно Палчиште,0.01555555556,0.731,"41.9695423,20.9372516","41.9760552,20.9389396",с. Калник
7050107854,Боговиње - ОOУ „Дервиш Цара“ с.Долно Палчиште,0.1080555556,2.511,"41.9695423,20.9372516","41.9604911,20.91491",с. Новаке
7050107757,Боговиње - ООУ „Сабедин Бајрами“ с.Камењане,0.01583333333,0.28,"41.933472,20.944984","41.9352716,20.943954",с. Горно Седларце
7050107757,Боговиње - ООУ „Сабедин Бајрами“ с.Камењане,0.06083333333,2.087,"41.933472,20.944984","41.9376501,20.922271",с. Синичане
7060161859,Босилево - ООУ „Борис Трајковски“ с.Моноспитово,0.06222222222,1.84,"41.4190621899295,22.7488049141432","41.4229777,22.7665633",с. Бориево
7060106688,Босилево - ООУ „Гоце Делчев“ с.Босилево,0.1541666667,6.494,"41.4401045,22.727977","41.4858739,22.7143849",с. Гечерлија
7060106688,Босилево - ООУ „Гоце Делчев“ с.Босилево,0.09611111111,4.188,"41.4401045,22.727977","41.4716444,22.7278979",с. Петралинци
7060106688,Босилево - ООУ „Гоце Делчев“ с.Босилево,0.1402777778,5.55,"41.4401045,22.727977","41.4763244,22.6983601",с. Сарај
7060106688,Босилево - ООУ „Гоце Делчев“ с.Босилево,0.2233333333,10.878,"41.4401045,22.727977","41.4983558,22.7731484",с. Дрвош
7060106688,Босилево - ООУ „Гоце Делчев“ с.Босилево,0.04277777778,2.041,"41.4401045,22.727977","41.4379323,22.7088351",с. Робово
7060106688,Босилево - ООУ „Гоце Делчев“ с.Босилево,0.1372222222,6.06,"41.4401045,22.727977","41.4668158,22.7481371",с. Старо Балдовци
7060106688,Босилево - ООУ „Гоце Делчев“ с.Босилево,0.04888888889,1.078,"41.4401045,22.727977","41.4317724,22.7317792",с. Еднокукево
7060106696,Босилево - ООУ „Св.Кирил и Методиј“ с.Иловица,0.2436111111,6.019,"41.4810389,22.7676645","41.4411955,22.7764413",с. Турново
7060106696,Босилево - ООУ „Св.Кирил и Методиј“ с.Иловица,0.3133333333,8.445,"41.4810389,22.7676645","41.4400258,22.7959895",с. Секирник
7060106696,Босилево - ООУ „Св.Кирил и Методиј“ с.Иловица,0.1813888889,4.264,"41.4810389,22.7676645","41.4520199,22.7654805",с. Радово
7070107439,Брвеница - ООУ „7 Марси“ с.Челопек,0.3238888889,14.029,"42.0199495,20.980307","41.9342093,21.0132572",с. Долни Челопек
7070107439,Брвеница - ООУ „7 Марси“ с.Челопек,0.3922222222,17.844,"42.0199495,20.980307","41.9086648,21.0168135",с. Милетино
7070107439,Брвеница - ООУ „7 Марси“ с.Челопек,0.4236111111,19.134,"42.0199495,20.9781183","41.8962157,21.0168564",с. Блаце
7070107382,Брвеница - ООУ „Гоце Делчев“ с.Стенче,0.4211111111,15.273,"41.8761198,21.0022759","41.8451638,21.1056324",с. Гургурница
7070107382,Брвеница - ООУ „Гоце Делчев“ с.Стенче,0.1997222222,8.625,"41.8761198,21.0022759","41.8935642,20.979209",с. Теново
7070107382,Брвеница - ООУ „Гоце Делчев“ с.Стенче,0.2138888889,9.833,"41.8761198,21.0022759","41.9062892,20.9645667",с. Радиовце
7070107382,Брвеница - ООУ „Гоце Делчев“ с.Стенче,0.07694444444,2.982,"41.8761198,21.0022759","41.8619561,20.995062",с. Волковија
7070107471,Брвеница - ООУ „Коста Рацин“ с.Брвеница,0.1463888889,7.245,"41.9679139,20.978643","41.9352716,20.943954",с. Долно Седларце
7760103972,Бутел - ОOУ „Климент Охридски“,0.1880555556,5.7,"42.0458163,21.4420781","42.0333327,21.4142928",с. Визбегово
7080106807,Валандово - ООУ „Јосип Броз Тито“,0.2977777778,13.04,"41.3162392,22.5592661","41.3082021,22.6914167",с.Башибос
7080106807,Валандово - ООУ „Јосип Броз Тито“,0.1086111111,4.542,"41.3162392,22.5592661","41.3202731,22.5302324",с. Пирава
7080106807,Валандово - ООУ „Јосип Броз Тито“,0.08722222222,4.222,"41.3162392,22.5592661","41.2924536,22.5231711",с. Брајковци
7080106807,Валандово - ООУ „Јосип Броз Тито“,0.175,8.019,"41.3162392,22.5592661","41.3032372,22.6420643",с. Чалакли
7080106807,Валандово - ООУ „Јосип Броз Тито“,0.1597222222,7.408,"41.3162392,22.5592661","41.2846152,22.6040336",с. Дедели
7080106807,Валандово - ООУ „Јосип Броз Тито“,0.2113888889,7.018,"41.3162392,22.5592661","41.2757564,22.5726261",с. Казандол
7080106815,Валандово - ООУ „Страшо Пинџур“ с.Јосифово,0.1886111111,11.424,"41.3324462,22.4749777","41.2831901,22.4983369",с. Марвинци
7080106815,Валандово - ООУ „Страшо Пинџур“ с.Јосифово,0.2525,15.917,"41.3324462,22.4749777","41.2568264,22.4976855",с. Грчиште
7080106815,Валандово - ООУ „Страшо Пинџур“ с.Јосифово,0.06861111111,3.091,"41.3324462,22.4749777","41.3431802,22.4954993",с. Калково
7080106815,Валандово - ООУ „Страшо Пинџур“ с.Јосифово,0.08166666667,3.844,"41.3324462,22.4749777","41.3458592,22.439066",с. Удово
7090161824,Василево - ООУ „Атанас Нивачински“ с.Нова Маала,0.1511111111,5.39,"41.5257202,22.6974981","41.5142296,22.7313304",с. Чанаклија
7090161824,Василево - ООУ „Атанас Нивачински“ с.Нова Маала,0.05666666667,2.057,"41.5257202,22.6974981","41.5253271,22.6758485",с. Доброшинци
7090161824,Василево - ООУ „Атанас Нивачински“ с.Нова Маала,0.2916666667,14.185,"41.5257202,22.6974981","41.4416503,22.6435135",с. Висока Маала
7090106726,Василево - ООУ „Гоце Делчев“ с.Василево,0.2472222222,12.574,"41.5257203,22.6974981","41.5237385,22.6256156",с. Сушево
7090106726,Василево - ООУ „Гоце Делчев“ с.Василево,0.3094444444,14.388,"41.5257203,22.6974981","41.5054845,22.5870032",с. Едрениково
7090106726,Василево - ООУ „Гоце Делчев“ с.Василево,0.2427777778,11.059,"41.5257203,22.6974981","41.4792359,22.6155091",с. Ангелци
7090106726,Василево - ООУ „Гоце Делчев“ с.Василево,0.3513888889,18.528,"41.5257203,22.6974981","41.5458286,22.5481102",с. Дукатино
7090106726,Василево - ООУ „Гоце Делчев“ с.Василево,0.3216666667,14.432,"41.5257203,22.6974981","41.4898551,22.5843598",с. Седларци
7090106726,Василево - ООУ „Гоце Делчев“ с.Василево,0.2991666667,15.329,"41.5257203,22.6974981","41.5398586,22.5735303",с. Радичево
7090106726,Василево - ООУ „Гоце Делчев“ с.Василево,0.2430555556,10.788,"41.5257203,22.6974981","41.481773,22.6175214",с. Владевци
7110108044,Велес - OОУ „Кирил и Методиј“,0.3244444444,13.028,"41.7130234,21.7754778","41.6572434,21.7953627",с. Црквино
7110162790,Велес - OОУ „Панко Брашнаров“,0.1477777778,5.445,"41.7135972,21.7863058","41.7484148,21.7590774",с. Башино Село
7110162790,Велес - OОУ „Панко Брашнаров“,0.1905555556,9.639,"41.7135972,21.7863058","41.6964404,21.8363517",с. Караслари
7110162790,Велес - OОУ „Панко Брашнаров“,0.1691666667,5.034,"41.7135972,21.7863058","41.754562,21.7963064",с. Чалошево
7110108036,Велес - ООУ „Васил Главинов“,0.3413888889,13.231,"41.7164731,21.7663632","41.7184949,21.6700709",с. Сливник
7110108036,Велес - ООУ „Васил Главинов“,0.3,10.093,"41.7164731,21.7663632","41.706193,21.6941894",с.Клуковец
7110108036,Велес - ООУ „Васил Главинов“,0.04361111111,0.56,"41.7164731,21.7663632","41.7146715,21.7701724",Велес објект 2
7110108036,Велес - ООУ „Васил Главинов“,0.1408333333,5.024,"41.7164731,21.7663632","41.7153771,21.7214388",с. Раштани
7110108036,Велес - ООУ „Васил Главинов“,0.2561111111,10.157,"41.7164731,21.7663632","41.7388486,21.6745876",с. Бузалково
7110107994,Велес - ООУ „Стојан Бурчевски Буридан“ с.Иванковци,0.2025,10.184,"41.72049,21.7900541","41.787601,21.8283212",с. Мамутчево 
7110107994,Велес - ООУ „Стојан Бурчевски Буридан“ с.Иванковци,0.2547222222,10.209,"41.72049,21.7900541","41.7930725,21.7987634",с. Сојаклари 
7110107994,Велес - ООУ „Стојан Бурчевски Буридан“ с.Иванковци,0.6663888889,16.016,"41.72049,21.7900541","41.7721671,21.7085668",с. Отовица
7120105428,Виница - ООУ „Гоце Делчев“,0.09055555556,2.435,"41.8832351,22.5122791","41.9000318,22.5133916",с. Јакимово
7120105428,Виница - ООУ „Гоце Делчев“,0.1902777778,8.158,"41.8832351,22.5122791","41.9295497,22.4995906",с. Истибања
7120105304,Виница - ООУ „Кочо Рацин“ с.Блатец,0.3369444444,19.542,"41.836594,22.5769607","41.7962958,22.6673483",с. Лаки
7120105304,Виница - ООУ „Кочо Рацин“ с.Блатец,0.07416666667,2.369,"41.836594,22.5769607","41.8416184,22.5521449",с. Липец
7120105312,Виница - ООУ „Никола Парапунов“ с.Драгобраште,0.03083333333,1.76,"41.8885452,22.6114539","41.8719985,22.6208515",с. Пеклани
7120105312,Виница - ООУ „Никола Парапунов“ с.Драгобраште,0.1297222222,6.858,"41.8885452,22.6114539","41.9107009,22.6496028",с.  Драгобраште
7120105290,Виница - ООУ „Славчо Стојменски“,0.1058333333,3.868,"41.8832851,22.5033796","41.8502693,22.5101604",с. Градец
7120105290,Виница - ООУ „Славчо Стојменски“,0.1044444444,3.373,"41.8832851,22.5033796","41.8681063,22.4796366",с. Лески
7140107811,Врапчиште - ОOУ „Сали Лиси“ с.Добридол,0.04138888889,0.826,"41.8618636,20.8897774","41.8656993,20.8820378",с.  Добридол
7140107579,Врапчиште - ООУ „Врапчише“ с.Врапчиште,0.1669444444,3.883,"41.8373498,20.8764045","41.8282392,20.8676816",с. Врањовце 
7140107579,Врапчиште - ООУ „Врапчише“ с.Врапчиште,0.04083333333,0.61,"41.8373498,20.8764045","41.8392285,20.8806567",с. Галате
7140107579,Врапчиште - ООУ „Врапчише“ с.Врапчиште,0.07444444444,1.562,"41.8373498,20.8764045","41.828664,20.8808568",с. Зубовце
7140107684,Врапчиште - ООУ „Наим Фрашери“ с.Неготино,0.2008333333,5.819,"41.8785807946644,20.88777498","41.8961367,20.8344642",с. Ломниц
7140107684,Врапчиште - ООУ „Наим Фрашери“ с.Неготино,0.2691666667,7.253,"41.8785807946644,20.88777498","41.8933556,20.8643838",с.  Ѓурѓевиште
7140107684,Врапчиште - ООУ „Наим Фрашери“ с.Неготино,0.6688888889,15.149,"41.8505974,20.8453638","41.8773903,20.8574617",с. Калиште
7140107684,Врапчиште - ООУ „Наим Фрашери“ с.Неготино,0.3361111111,10,"41.8187508,20.889305","41.8840468,20.8881205",с. Сенокос
7770103867,Гази Баба - ОOУ „25 Мај“ Сингелиќ,0.07083333333,2.205,"42.0128483,21.5107403","42.0311291,21.5119572",Сингелиќ објект 2
7770104456,Гази Баба - ОOУ „Кирил и Методиј“ с.Стајковци,0.05472222222,2.396,"42.0279587,21.513395","42.039954,21.5269267",с. Страчинци
7770104103,Гази Баба - ОOУ „Крсте Мисирков“  Маџари,0.1808333333,6.163,"42.0105223,21.5047807","42.0298182,21.551453",с. Брњарци
7770103964,Гази Баба - ОOУ „Наум Охридски“ с.Булачани,0.1494444444,5.118,"42.0497229,21.514669","42.0847112,21.489172",с. Раштак
7770103964,Гази Баба - ОOУ „Наум Охридски“ с.Булачани,0.0275,0.656,"42.0497229,21.514669","42.049878,21.5100826",с. Црешево
7150108087,Гевгелија - ООУ „Владо Кантарџиев“,0.1419444444,5.526,"41.1463675,22.5077945","41.1392351,22.547121",с.Богородица
7150108087,Гевгелија - ООУ „Владо Кантарџиев“,0.1233333333,3.935,"41.1463675,22.5077945","41.1632383,22.4999541",с.Мрзенци
7150108079,Гевгелија - ООУ „Крсте Мисирков“,0.1430555556,5.238,"41.1404857,22.4982432","41.1331944,22.4486313",с. Моин
7150108109,Гевгелија - ООУ „Ристо Шуклев“ с.Негорци,0.1716666667,9.537,"41.1404857,22.4982432","41.208113,22.501046",с. Прдејци
7150108109,Гевгелија - ООУ „Ристо Шуклев“ с.Негорци,0.3580555556,13.438,"41.1404857,22.4982432","41.2249174,22.4139889",с. Кованец
7150108095,Гевгелија - ООУ „Св.Климент Охридски“ с.Миравци,0.1775,10.223,"41.3107940761605,22.43701413","41.2588765,22.4705447",с.Смоквица
7150108095,Гевгелија - ООУ „Св.Климент Охридски“ с.Миравци,0.1186111111,4.61,"41.3107940761605,22.43701413","41.2840062,22.4625793",с.Милетково
7150108095,Гевгелија - ООУ „Св.Климент Охридски“ с.Миравци,0.1197222222,4.224,"41.3107940761605,22.43701413","41.3313468,22.4328968",с.Давидово
7780103212,Ѓорче Петров - ООУ „Димитар Поп Беровски“,0.07222222222,1.663,"42.003555,21.3577327","42.0038601,21.3693748",нас. Хром
7780103220,Ѓорче Петров - ООУ „Јоаким Крчовски“ с.Волково,0.085,3.389,"42.0545945,21.3489113","42.0667695,21.3318979",с. Никиштане
7160107668,Гостивар - ООУ „Башкими -Единство“,0.08694444444,2.308,"41.790813,20.9109152","41.7763173,20.9244463",с. Беловиште
7160107668,Гостивар - ООУ „Башкими -Единство“,0.08444444444,1.766,"41.790813,20.9109152","41.7792345,20.917612",нас. Циглана
7160107668,Гостивар - ООУ „Башкими -Единство“,0.1727777778,5.802,"41.790813,20.9109152","41.7480748,20.9237095",с. Лакавица
7160107633,Гостивар - ООУ „Ѓон Бузуку“ с.Србиново,0.9491666667,52.686,"41.70601826240399, 20.95963287045701","42.0245264,21.0737086",Голема Рамнина- с. Србиново 
7160107633,Гостивар - ООУ „Ѓон Бузуку“ с.Србиново,0.4341666667,15.793,"41.7606056,20.9282898","41.6745975,20.9910364",с. Граванец
7160107633,Гостивар - ООУ „Ѓон Бузуку“ с.Србиново,0.4611111111,16.432,"41.7606056,20.9282898","41.7230274,21.0016921",с. Страјан
7160107633,Гостивар - ООУ „Ѓон Бузуку“ с.Србиново,0.4252777778,16.007,"41.7606056,20.9282898","41.7390079,20.9855294",с. Тернове
7160107633,Гостивар - ООУ „Ѓон Бузуку“ с.Србиново,0.2513888889,6.564,"41.70725547840057, 20.95951226823228","41.6861201,20.9749847",с. Падалиште
7160107706,Гостивар - ООУ „Гоце Делчев“,0.2119444444,8.702,"41.7995475,20.9108481","41.8485771,20.9382248",с. Тумчевиште
7160107544,Гостивар - ООУ „Исмаил Ќемали“,0.1330555556,3.056,"41.7958425366267,20.9066804","41.7918449,20.9348888",с. Балиндол
7160107544,Гостивар - ООУ „Исмаил Ќемали“,0.3413888889,11.827,"41.7958425366267,20.9066804","41.7169857,20.9026276",с. Долна Ѓоновица
7160107544,Гостивар - ООУ „Исмаил Ќемали“,0.4161111111,14.466,"41.7958425366267,20.9066804","41.7192453,20.8824537","с. Балиндол, Симниче"
7160107595,Гостивар - ООУ „Лирија“ с.Вруток,0.09416666667,3.386,"41.7665809125349,20.83820034","41.7846026,20.8507763",с.Равене
7160107595,Гостивар - ООУ „Лирија“ с.Вруток,0.06666666667,1.941,"41.7665809125349,20.83820034","41.7538444,20.82752",с.Речане
7160107552,Гостивар - ООУ „Мустафа Кемал Ататурк“,0.06722222222,1.4,"41.7946164347457,20.87271463","41.7999185,20.8829276",с. Здуње
7160107552,Гостивар - ООУ „Мустафа Кемал Ататурк“,0.1747222222,3.793,"41.7946164347457,20.87271463","41.784865,20.9029054",с. Долна Бањица
7160107552,Гостивар - ООУ „Мустафа Кемал Ататурк“,0.2305555556,4.923,"41.7946164347457,20.87271463","41.7806142,20.8945844",с. Горна Бањица
7160107560,Гостивар - ООУ „Прпарими“ с.Чегране,0.5105555556,14.958,"41.835411,20.9412395","41.8065352,21.0264358",с. Корито
7160107560,Гостивар - ООУ „Прпарими“ с.Чегране,0.2094444444,4.919,"41.835411,20.9412395","41.8396604,20.9773355","с. Чегране, Гостивар"
7170107900,Градско - ООУ „Даме Груев“ с.Градско,0.1125,6.986,"41.5771544,21.9459307","41.628592515980664,21.906046334626545",с. Ногаевци
7170107900,Градско - ООУ „Даме Груев“ с.Градско,0.4730555556,27.219,"41.5771544,21.9459307","41.6652552,21.8640944",с. Кочилари
7170107900,Градско - ООУ „Даме Груев“ с.Градско,0.1294444444,5.987,"41.5771544,21.9459307","41.5824024,21.8795344",с. Водоврати
7170107900,Градско - ООУ „Даме Груев“ с.Градско,0.1061111111,5.567,"41.5771544,21.9459307","41.600952,21.897859",с. Виничани
,Дебар - ООУ „Братство Единство“,0.2652777778,13.745,"41.5215516,20.5243096","41.4441971,20.5421772",с. Џепиште
7180106114,Дебар - ООУ „Ристе Ристевски“ с.Долно Костоврасти,0.3938888889,15.624,"41.5181484,20.5179228","41.5341431,20.6233712",с.Могорче
7180106114,Дебар - ООУ „Ристе Ристевски“ с.Долно Костоврасти,0.3497222222,11.153,"41.5181484,20.5179228","41.5453498,20.5751263",с.Горно Косоврасти
7190105894,Дебрца - ООУ„Дебрца“ с.Белчишта,0.3205555556,18.723,"41.3042511953993,20.8315158082677","41.1728399,20.7529075",с. Оровник
7190105894,Дебрца - ООУ„Дебрца“ с.Белчишта,0.2672222222,16.181,"41.3042511953993,20.8315158082677","41.1920088,20.7558453",с. Горенци
7190105894,Дебрца - ООУ„Дебрца“ с.Белчишта,0.2383333333,14.202,"41.3042511953993,20.8315158082677","41.2057865,20.7518795",с. Требеништа
7190105894,Дебрца - ООУ„Дебрца“ с.Белчишта,0.2697222222,13.479,"41.3042511953993,20.8315158082677","41.2206273,20.7410352",с. Волино
7190105894,Дебрца - ООУ„Дебрца“ с.Белчишта,0.1975,10.385,"41.3042511953993,20.8315158082677","41.2393369,20.7724598",с. Мешеишта
7190105894,Дебрца - ООУ„Дебрца“ с.Белчишта,0.2061111111,9.645,"41.3042511953993,20.8315158082677","41.3374368,20.8260108",с. Издеглавје
7190105894,Дебрца - ООУ„Дебрца“ с.Белчишта,0.09972222222,4.534,"41.3042511953993,20.8315158082677","41.2874751,20.7901664",с. Ботун
7190105894,Дебрца - ООУ„Дебрца“ с.Белчишта,0.08027777778,2.612,"41.3042511953993,20.8315158082677","41.2822226,20.8293723",с. Злести
7190105894,Дебрца - ООУ„Дебрца“ с.Белчишта,0.08111111111,4.087,"41.3042511953993,20.8315158082677","41.2776944,20.859424",с. Лешани
7190105894,Дебрца - ООУ„Дебрца“ с.Белчишта,0.1741666667,8.608,"41.3042511953993,20.8315158082677","41.2968438,20.900933",с. Велмеј
7200105436,Делчево - OОУ „Ванчо Прке“,0.09055555556,3.369,"41.9678191,22.7739623","41.9664944,22.8036261",с. Ѕвегор
7200105436,Делчево - OОУ „Ванчо Прке“,0.1663888889,3.46,"41.9678191,22.7739623","41.9865631,22.7917437",с. Габрово
7200111150,Делчево - ООУ „Св.Климент Охридски“,0.3947222222,19.041,"41.9663499,22.778137","41.8442852,22.764262",с. Разловци
7200111150,Делчево - ООУ „Св.Климент Охридски“,0.1730555556,10.301,"41.9663499,22.778137","41.9099038,22.8484457",с. Вирче
7200111150,Делчево - ООУ „Св.Климент Охридски“,0.1172222222,5.531,"41.9663499,22.778137","41.9513329,22.8199435",с. Стамер
7200111150,Делчево - ООУ „Св.Климент Охридски“,0.1630555556,8.638,"41.9663499,22.778137","41.9383282,22.8330011",с. Град
7200111150,Делчево - ООУ „Св.Климент Охридски“,0.1536111111,9.953,"41.9663499,22.778137","41.8918633,22.8159963",с. Тработивиште
7210108206,Демир Капија - ООУ„Димче А.Габерот“,0.3311111111,9.181,"41.4066009,22.2445893","41.4247122,22.2783777",с. Челевец
7210108206,Демир Капија - ООУ„Димче А.Габерот“,0.1244444444,4.556,"41.4066009,22.2445893","41.4346792,22.2378026",с. Корешница
7210108206,Демир Капија - ООУ„Димче А.Габерот“,0.2616666667,13.264,"41.4066009,22.2445893","41.4199484,22.1657943",с. Прждево
7210108206,Демир Капија - ООУ„Димче А.Габерот“,0.4105555556,21.573,"41.4066009,22.2445893","41.4474649,22.2016684",с. Бистренци
7220104774,Демир Хисар - ОOУ „Гоце Делчев“,0.1016666667,3.812,"41.2180167,21.2032056","41.2339068,21.1768649",с. Слепче
7220104774,Демир Хисар - ОOУ „Гоце Делчев“,0.17,9.07,"41.2180167,21.2032056","41.2826688,21.2342338",с. Журче
7220104774,Демир Хисар - ОOУ „Гоце Делчев“,0.2094444444,8.693,"41.2180167,21.2032056","41.2601283,21.2492494",с. Единаковци
7220104774,Демир Хисар - ОOУ „Гоце Делчев“,0.2413888889,10.721,"41.2180167,21.2032056","41.266529,21.2708556",с. Света
7220104774,Демир Хисар - ОOУ „Гоце Делчев“,0.1155555556,4.625,"41.2180167,21.2032056","41.2360659,21.2414999",с. Вардино
7220104774,Демир Хисар - ОOУ „Гоце Делчев“,0.08472222222,2.645,"41.2180167,21.2032056","41.2101343,21.2218551",с. Суво Дол
7220104790,Демир Хисар - ОOУ „Даме Груев“ с Смилево,0.03027777778,1.382,"41.1849634,21.1553308","41.1595633,21.1600062",с. Обедник
7220104782,Демир Хисар - ООУ „Браќа Миладиновци“ с.Жван,0.07027777778,4.162,"41.2949621,21.1175466","41.3149153,21.0970762",с. Доленци
7220104782,Демир Хисар - ООУ „Браќа Миладиновци“ с.Жван,0.1025,5.074,"41.2949621,21.1175466","41.2668889,21.0769781",с. Слоештица
7220104782,Демир Хисар - ООУ „Браќа Миладиновци“ с.Жван,0.07583333333,3.829,"41.2949621,21.1175466","41.2964715,21.1542156",с. Сопотница
7230108133,Дојран - ООУ „Кочо Рацин“ Нов Дојран,0.1286111111,5.525,"41.223956,22.7028053","41.2552992,22.6655093",с. Ѓопчели
7230108133,Дојран - ООУ „Кочо Рацин“ Нов Дојран,0.1311111111,5.849,"41.223956,22.7028053","41.1803849,22.7234094",нас. Стар Дојран
7230108133,Дојран - ООУ „Кочо Рацин“ Нов Дојран,0.1286111111,5.525,"41.223956,22.7028053","41.2552992,22.6655093",с. Ѓопчели
7230108133,Дојран - ООУ „Кочо Рацин“ Нов Дојран,0.1166666667,5.363,"41.2239559,22.7006166","41.2361996,22.6521021",с. Црничани
7230108133,Дојран - ООУ „Кочо Рацин“ Нов Дојран,0.2125,11.999,"41.223956,22.7028053","41.2426517,22.6133874",с. Фурка
7230108133,Дојран - ООУ „Кочо Рацин“ Нов Дојран,0.1363888889,7.213,"41.223956,22.7028053","41.262362,22.7446583",с. Николич
7240106483,Долнени - OОУ „Мирче Ацев“ с.Лажани,0.1477777778,4.668,"41.4454052165774,21.317267320312","41.4667235,21.2902955",с. Кошино
7240106378,Долнени - ОOУ „Ѓорче Петров“ с.Ропотово,0.05472222222,3.702,"41.4489740846926,21.3710695133804","41.4361502,21.4073963",с. Сарандиново
7240106378,Долнени - ОOУ „Ѓорче Петров“ с.Ропотово,0.07527777778,3.029,"41.4489740846926,21.3710695133804","41.4626027,21.3961185",с. Пешталево
7240106378,Долнени - ОOУ „Ѓорче Петров“ с.Ропотово,0.1369444444,5.741,"41.4489740846926,21.3710695133804","41.4784426,21.4135789",с. Секирци
7240106467,Долнени - ООУ „Исмаил Ќемали“,0.01722222222,0.71,"41.5613326409713,21.4300502761732","41.5535421,21.4317642",с. Гостиражани
7240106467,Долнени - ООУ „Исмаил Ќемали“,0.1908333333,7.301,"41.5613326409713,21.4300502761732","41.5006455,21.4079925",с. Костинци
7240106319,Долнени - ООУ „Лирија“,0.2608333333,9.639,"41.4714635,21.291592","41.3997494,21.303593",с. Локвени
7240106513,Долнени - ООУ „Пере Тошев“ с.Дупјачани,0.07527777778,3.388,"41.4409194,21.5207855","41.449356,21.5584072",с. Небрегово
7240106513,Долнени - ООУ „Пере Тошев“ с.Дупјачани,0.1858333333,3.804,"41.4409194,21.5207855","41.4626707,21.4885553",с. Десово
7240106513,Долнени - ООУ „Пере Тошев“ с.Дупјачани,0.1347222222,3.64,"41.4409194,21.5207855","41.4687663,21.5394418",с. Дреновци
7240106416,Долнени - ООУ „Пецо Даскалот“ с.Долнени,0.5355555556,26.973,"41.3878918656836,21.4131277189174","41.475238,21.4606318",с. Браилово
7240106416,Долнени - ООУ „Пецо Даскалот“ с.Долнени,0.2613888889,11.183,"41.3878918656836,21.4131277189174","41.3933311,21.3718806",с. Вранче
7240106416,Долнени - ООУ „Пецо Даскалот“ с.Долнени,0.01527777778,0.595,"41.3878918656836,21.4131277189174","41.379891,21.4131669",с. Заполжани
7240106416,Долнени - ООУ „Пецо Даскалот“ с.Долнени,0.1619444444,8.125,"41.3878918656836,21.4131277189174","41.4113154,21.3980168",с. Бело Поле
7240106416,Долнени - ООУ „Пецо Даскалот“ с.Долнени,0.2108333333,9.42,"41.3878918656836,21.4131277189174","41.413583,21.4700249",с. Сенокос
7260107323,Желино - ООУ „Луиѓ Гуракуќи“ с.Желино,0.2544444444,8.21,"41.9807452,21.0623695","41.9279047,21.0615956",с. Горна Лешница
7260107323,Желино - ООУ „Луиѓ Гуракуќи“ с.Желино,0.2341666667,7.322,"41.9807452,21.0623695","41.9568926,21.0599971",с. Долна Лешница
7260107455,Желино - ООУ „Пашко Васа“ с.Групчин,0.08277777778,1.888,"41.965893,21.1285467","41.9592032,21.1386391",с. Копачин Дол
7260107455,Желино - ООУ „Пашко Васа“ с.Групчин,0.7483333333,53.324,"41.965893,21.1285467","41.722222,20.8452097",с. Церово
7260107455,Желино - ООУ „Пашко Васа“ с.Групчин,0.1472222222,5.123,"41.965893,21.1285467","41.9538839,21.0874263",с. Добарце
7260107749,Желино - ООУ „Фан Ноли“ с.Требош,0.06555555556,2.468,"42.0136027,21.0313447","42.0049534,21.0491548",с. Палатица
7260107749,Желино - ООУ „Фан Ноли“ с.Требош,0.1505555556,5.013,"42.0136027,21.0313447","42.0142488,21.0694596",с. Озормиште
7260107722,Желино - ООУ „Хасан Тахсини“ с.Рогле,0.5319444444,17.717,"41.9680642,21.1650506","41.8831328,21.12672",с. Салареве
7260107722,Желино - ООУ „Хасан Тахсини“ с.Рогле,0.3113888889,9.111,"41.9680642,21.1650506","41.9371431,21.1748353",с. Мерово
7260107722,Желино - ООУ „Хасан Тахсини“ с.Рогле,0.09138888889,2.04,"41.9680642,21.1650506","41.9646497,21.1540719",с. Ново село
7260162553,Желино - ООУ„Раметула Амети“,0.2327777778,13.659,"41.9800967866125,21.0608914617471","41.9333633,21.1220706",с. Ларце
7280103522,Зелениково - ООУ„Марко Цепенков“,0.06722222222,2.254,"41.873144,21.600489","41.8599249,21.6065132",с. Страхојадица
7280103522,Зелениково - ООУ„Марко Цепенков“,1.11,16.445,"41.873144,21.600489","41.8206297,21.5396784",с. Тисовица
7280103522,Зелениково - ООУ„Марко Цепенков“,,,"41.873144,21.600489","41.7916198,21.5667939",с. Дејковец
7280103522,Зелениково - ООУ„Марко Цепенков“,0.2341666667,6.632,"41.873144,21.600489","41.8442095,21.6244727",с. Смесница
7280103522,Зелениково - ООУ„Марко Цепенков“,0.08,4.267,"41.873144,21.600489","41.8985171,21.6031633",с. Орешани
7280103522,Зелениково - ООУ„Марко Цепенков“,0.1275,5.455,"41.873144,21.600489","41.882815,21.5579959",с. Вражале
7290105207,Зрновци - ООУ „Синиша Стоилов“,0.07527777778,2.522,"41.85357,22.4436911","41.8487358,22.4160628",с. Мородвис
7300103999,Илинден - ООУ „Браќа Миладиновци“ с.Миладиновци,0.1175,4.635,"41.982447,21.6498815","42.0179617,21.6520085",с. Мршевци
7300103999,Илинден - ООУ „Браќа Миладиновци“ с.Миладиновци,0.07888888889,3.427,"41.982447,21.6498815","42.0077284,21.6653054",с. Текија
7300104367,Илинден - ООУ „Ристо Крле“ с.Кадино,0.3461111111,16.512,"41.9833019,21.5052368","41.9551476,21.5995715",с. Мралино
7300104367,Илинден - ООУ „Ристо Крле“ с.Кадино,0.3708333333,16.666,"41.9833019,21.5052368","41.9924816,21.6171647",с. Бунарџик
7310107412,Јегуновце - ОOУ „Алескандар Здравковски“ с.Јегуновце,0.1133333333,3.3,"42.0731863,21.1230308","42.0603015,21.1387413",с. Раотинце
7310107412,Јегуновце - ОOУ „Алескандар Здравковски“ с.Јегуновце,0.09305555556,2.563,"42.0731863,21.1230308","42.055183,21.1159219",с. Јанчиште
7310107420,Јегуновце - ОOУ „Шемшево“ с.Шемшево,0.04638888889,2.153,"42.0258085566371,21.0777526790339","42.032775,21.0563867",с. Жилче
7310107420,Јегуновце - ОOУ „Шемшево“ с.Шемшево,0.1647222222,6.525,"42.0258085566371,21.0777526790339","42.0376125,21.0186043",с. Ратај
7310107420,Јегуновце - ОOУ „Шемшево“ с.Шемшево,0.0425,1.752,"42.0258085566371,21.0777526790339","42.0146428,21.0879778",с. Сиричино
7310107420,Јегуновце - ОOУ „Шемшево“ с.Шемшево,0.07138888889,2.421,"42.0258085566371,21.0777526790339","42.0330539,21.0982376",с. Прељубиште
7310107420,Јегуновце - ОOУ „Шемшево“ с.Шемшево,0.1280555556,4.376,"42.0258085566371,21.0777526790339","42.0300256,21.1175841",с. Туденче
7310107420,Јегуновце - ОOУ „Шемшево“ с.Шемшево,0.4455555556,25.46,"42.0258085566371,21.0777526790339","42.0064361,21.2372456",с. Копаниче
7310107331,Јегуновце - ООУ „Симче Настовски“ с.Вратница,0.1205555556,2.096,"42.1427629,21.1232767","42.1317198,21.1274601",с. Орашје
7310107331,Јегуновце - ООУ „Симче Настовски“ с.Вратница,0.09944444444,3.33,"42.1427629,21.1232767","42.1317042,21.1362149",с. Орашје
7310107331,Јегуновце - ООУ „Симче Настовски“ с.Вратница,0.1283333333,6.348,"42.1427629,21.1232767","42.1566632,21.1569214",с. Рогачево
7310107331,Јегуновце - ООУ „Симче Настовски“ с.Вратница,0.1008333333,3.94,"42.1427629,21.1232767","42.1509603,21.1346805",с. Старо Село
7310107331,Јегуновце - ООУ „Симче Настовски“ с.Вратница,0.1452777778,7.084,"42.1427629,21.1232767","42.1639149,21.1759955",с. Јажинце
7320108354,Кавадарци - ООУ „Димката  Ангелов Габерот“,0.2191666667,7.636,"41.43199269155104, 22.014199355146243","41.48807726572488, 22.025294915894072",с. Сопот
7320108362,Кавадарци - ООУ „Страшо Пинџур“,0.2716666667,13.447,"41.436008,22.0127035","41.4201092,21.8890185",с. Дреново
7320108362,Кавадарци - ООУ „Страшо Пинџур“,0.19,8.934,"41.436008,22.0127035","41.4301465,21.9258102",с. Возарци
7320108362,Кавадарци - ООУ „Страшо Пинџур“,0.1177777778,4.043,"41.436008,22.0127035","41.465648,22.0279881",с. Марена
7320108338,Кавадарци - ООУ „Тоде Хаџи Тефов“,0.3247222222,14.055,"41.436008,22.0127035","41.367002,21.997295",с. Бегниште
7330107218,Карбинци - ООУ „Страшо Пинџур“ с.Карбинци,0.5688888889,25.907,"41.7813735,22.2025953","41.7422237,22.3830701",с. Кучица
7330107218,Карбинци - ООУ „Страшо Пинџур“ с.Карбинци,0.1908333333,9.918,"41.7813735,22.2025953","41.7785526,22.2748661",с. Радање
7330107218,Карбинци - ООУ „Страшо Пинџур“ с.Карбинци,0.2077777778,10.462,"41.7813735,22.2025953","41.8424842,22.2504548",с. Крупиште
7330107218,Карбинци - ООУ „Страшо Пинџур“ с.Карбинци,0.2925,15.422,"41.7813735,22.2025953","41.78599857464496, 22.33301538064089",с. Калаузлија
7330107218,Карбинци - ООУ „Страшо Пинџур“ с.Карбинци,0.4525,18.788,"41.7813735,22.2025953","41.7551532005533, 22.328569352643537",с. Оџалија
7330107218,Карбинци - ООУ „Страшо Пинџур“ с.Карбинци,0.4838888889,23.305,"41.7813735,22.2025953","41.7553383,22.3902011",с. Прналија
7330107218,Карбинци - ООУ „Страшо Пинџур“ с.Карбинци,0.08944444444,3.621,"41.7813735,22.2025953","41.7988302,22.2290859",с. Таринци
7330107218,Карбинци - ООУ „Страшо Пинџур“ с.Карбинци,0.1033333333,4.592,"41.7813735,22.2025953","41.8029116,22.2033887",с. Долни Балван
7330107218,Карбинци - ООУ „Страшо Пинџур“ с.Карбинци,0.01416666667,0.354,"41.7813735,22.2025953","41.7817166,22.1960024",с.  Караорман
7790103182,Карпош - ООУ „Братство“ Тафталиџе,0.2011111111,5.182,"42.0015208,21.3884632","41.9793205,21.3713693",с. Горно Нерези
7800103506,Кисела Вода - ООУ „Круме Кепески“,0.08083333333,1.508,"41.968652,21.4466625","41.9600087,21.4395065",нас. Припор
7800103492,Кисела Вода - ООУ „Кузман Јосифовски Питу“,0.04972222222,1.172,"41.9868774,21.4325313","41.9828533,21.4298959",нас. Пржино
7800103573,Кисела Вода - ООУ „Рајко Жинзифов“ Драчево,0.03555555556,0.621,"41.9560513724759,21.483829039825","41.9517784,21.4854063",нас. Пинтија
7340104995,Кичево - ООУ „Ѓерѓ Кастриоти Скендербеу“ с.Србица,0.0925,2.488,"41.5867402,21.0294789","41.5876978,21.0494122",с. Новосело
7340104995,Кичево - ООУ „Ѓерѓ Кастриоти Скендербеу“ с.Србица,0.1052777778,4.137,"41.5867402,21.0294789","41.5873379,21.0095886",с. Жубрине
7340105029,Кичево - ООУ „Милто Ѓура“   с.Стрелци,0.09305555556,2.549,"41.5414795,21.0031438","41.5485303,21.0231548",с. Шутово
7340105029,Кичево - ООУ „Милто Ѓура“   с.Стрелци,0.07305555556,2.364,"41.5414795,21.0031438","41.5557625,20.9858569",с. Цервица
7340105002,Кичево - ООУ „Наим Фрашери“ с.Јагол Доленци,0.01805555556,0.579,"41.6182805,21.0254855","41.6145856,21.0411997",с. Тухин
7340105002,Кичево - ООУ „Наим Фрашери“ с.Јагол Доленци,0.18,6.802,"41.6182805,21.0254855","41.6270628,21.0010254",с. Калеше
7340105002,Кичево - ООУ „Наим Фрашери“ с.Јагол Доленци,0.2611111111,9.803,"41.6182805,21.0254855","41.6483098,21.0271394",с. Папрадиште
7340105002,Кичево - ООУ „Наим Фрашери“ с.Јагол Доленци,0.2913888889,11.086,"41.6182805,21.0254855","41.641143,20.9988538",с. Бериково
7340104960,Кичево - ООУ „Реџо Рушит Зајази“  с.Зајас,0.09583333333,3.135,"41.5997158,20.9411954","41.6063548,20.967023",с. Горно строгомиште
7340104960,Кичево - ООУ „Реџо Рушит Зајази“  с.Зајас,0,0,"41.5997158,20.9411954","41.5997157,20.9411954",с. Зајас
7340104960,Кичево - ООУ „Реџо Рушит Зајази“  с.Зајас,0.1330555556,5.482,"41.5997158,20.9411954","41.6325389,20.9111812",с. Колари
7340104960,Кичево - ООУ „Реџо Рушит Зајази“  с.Зајас,0,0,"41.5997158,20.9411954","41.5997157,20.9411954",нас. Зајас Тече
7340104960,Кичево - ООУ „Реџо Рушит Зајази“  с.Зајас,0,0,"41.5997158,20.9411954","41.5997157,20.9411954",нас. Зајас Џума
7340104952,Кичево - ООУ „Санде Штрејоски“,0.07194444444,2.628,"41.5189684,20.9575126","41.5331664,20.9786901",с. Мамудовци
7340104952,Кичево - ООУ „Санде Штрејоски“,0.07777777778,2.023,"41.5189684,20.9575126","41.5077312,20.9520282",с. Трапчиндол 
,Кичево - ООУ „Фаик Коница“  с.Грешница,0.1175,3.718,"41.5756965945182,20.9258153451261","41.5728618,20.9625636",с. Колибари
,Кичево - ООУ „Фаик Коница“  с.Грешница,0.015,0.315,"41.5756965945182,20.9258153451261","41.5778194,20.9235382",с. Лапкиндол
,Кичево - ООУ „Фаик Коница“  с.Грешница,0.1211111111,4.219,"41.5756965945182,20.9258153451261","41.6043361,20.9068546",с. Бачишта
,Кичево - ООУ „Фаик Коница“  с.Грешница,0.0575,1.65,"41.5756965945182,20.9258153451261","41.5714621,20.9086945",с. Лешница
7340105010,Кичево - ООУ „Христо Узунов“ с.Другово,0.09972222222,3.48,"41.4835655,20.9223086","41.4859449,20.9505091",с. Србјани
7340105010,Кичево - ООУ „Христо Узунов“ с.Другово,0.1358333333,5.892,"41.4835655,20.9223086","41.4449664,20.9109766",с. Брждани
7340105010,Кичево - ООУ „Христо Узунов“ с.Другово,0.085,3.985,"41.4835655,20.9223086","41.4772199,20.8863359",с. Подвис
7350106947,Конче - ООУ „Гоце Делчев“ с.Конче,0.1991666667,8.988,"41.5099395,22.384187","41.5647897,22.3792588",с. Габревци
7350106947,Конче - ООУ „Гоце Делчев“ с.Конче,0.1977777778,9.233,"41.5099395,22.384187","41.570628,22.4252932",с. Дедино
7350106947,Конче - ООУ „Гоце Делчев“ с.Конче,0.1991666667,10.787,"41.5099395,22.384187","41.5041472,22.4567536",с. Долни Липовиќ
7350106947,Конче - ООУ „Гоце Делчев“ с.Конче,0.3058333333,14.288,"41.5099395,22.384187","41.5111914,22.4915286",с. Горни Липовиќ
7350106947,Конче - ООУ „Гоце Делчев“ с.Конче,0.1322222222,6.088,"41.5099395,22.384187","41.5424716,22.4229435",с. Ракитец
7360105193,Кочани - ООУ „Крсте Петков Мисирков“ с.Оризари,0.1275,5.226,"41.9249453,22.4445668","41.8865094,22.4419633",с. Прибачево
7360105177,Кочани - ООУ „Никола Карев“,0.145,6.116,"41.9136371,22.4130964","41.9064607,22.3630785",с. Тркање
7360105177,Кочани - ООУ „Никола Карев“,0.1255555556,4.219,"41.9136371,22.4130964","41.8814293,22.418108",с. Грдовци
7360105185,Кочани - ООУ „Раде Кратовче“ Кочани,0.2963888889,10.309,"41.9136371,22.4130964","41.9544556,22.3387349",с.  Нивичани
7360105398,Кочани - ООУ „Св.Кирил и Методиј“,0.1055555556,3.234,"41.9136371,22.4130964","41.929054,22.3810999",с. Бели
7360105398,Кочани - ООУ „Св.Кирил и Методиј“,0.1311111111,4.997,"41.9136371,22.4130964","41.888892,22.3809766",с. Горни Подлог
7370105770,Кратово - ОOУ „Кочо Рацин“,0.05611111111,2.685,"42.0726252,22.1696893","42.0656677,22.162079",с. Шлегово
7370105770,Кратово - ОOУ „Кочо Рацин“,0.3625,15.258,"42.0726252,22.1696893","42.0450461,22.0553327",с. Секулица
7370105770,Кратово - ОOУ „Кочо Рацин“,0.3738888889,21.232,"42.0726252,22.1696893","42.1517268,22.0314896",с. Страцин
7370105770,Кратово - ОOУ „Кочо Рацин“,1.061944444,51.805,"42.0797128,22.1764693","42.0813274,21.9592668",с. Коњух
7370105770,Кратово - ОOУ „Кочо Рацин“,1.249444444,58.796,"42.0797128,22.1764693","42.0694052,22.0372009",с. Вакуф
7370105770,Кратово - ОOУ „Кочо Рацин“,0.2261111111,12.103,"42.0797128,22.1764693","42.1273918,22.120403",с. Крилатица
7370105770,Кратово - ОOУ „Кочо Рацин“,0.2083333333,8.35,"42.0726252,22.1696893","42.0787792,22.1057261",с. Туралево
7380105835,Крива Паланка - ОOУ „Јоаким Крчовски“,0.2155555556,8.393,"42.2035353,22.3343552","42.2245747,22.4000066",село Жидилово
7380105835,Крива Паланка - ОOУ „Јоаким Крчовски“,0.5561111111,18.041,"42.2035353,22.3343552","42.305491,22.2731527",село Подржикоњ
7380105835,Крива Паланка - ОOУ „Јоаким Крчовски“,0.6377777778,20.003,"42.2035353,22.3343552","42.3268411,22.2847588",село Луке
7380105835,Крива Паланка - ОOУ „Јоаким Крчовски“,0.7819444444,23.648,"42.2035353,22.3343552","42.2945394,22.2245338",село Огут
7380105835,Крива Паланка - ОOУ „Јоаким Крчовски“,0.1897222222,4.653,"42.2035353,22.3343552","42.1780328,22.3628241",село Дурачка Река
7380105835,Крива Паланка - ОOУ „Јоаким Крчовски“,0.7361111111,22.364,"42.2035353,22.3343552","42.2845159,22.2197124",село Нерав
7380105835,Крива Паланка - ОOУ „Јоаким Крчовски“,0.2388888889,8.889,"42.2035353,22.3343552","42.257453,22.3494285",село Дубровница
7380105835,Крива Паланка - ОOУ „Јоаким Крчовски“,0.2738888889,11.123,"42.2035353,22.3343552","42.2204695,22.4283955",Село Узем
7380114885,Крива Паланка - ООУ „Илинден“,0.2908333333,10.909,"42.1968449,22.3241838","42.1567942,22.2409196",с. Мождивњак
7380114885,Крива Паланка - ООУ „Илинден“,0.2908333333,10.909,"42.1968449,22.3241838","42.1567942,22.2409196",с. Мождивњак
7380114885,Крива Паланка - ООУ „Илинден“,0.1077777778,3.463,"42.1968449,22.3241838","42.1833666,22.2923458",с. Конопница
7390106459,Кривогаштани - OОУ „Јонче Смугрески“ с.Обршани,0.04166666667,1.642,"41.2843834,21.3654204","41.2791548,21.3482245",с. Бела Црква
7390106459,Кривогаштани - OОУ „Јонче Смугрески“ с.Обршани,0.08055555556,3.782,"41.2843834,21.3654204","41.2915612,21.4003042",с. Боротино
7390106351,Кривогаштани - ООУ „Манчу Матак“ с.Кривогаштани,0.1233333333,6.215,"41.3384768,21.3310898","41.3913788,21.3241162",с. Подвис
7390106351,Кривогаштани - ООУ „Манчу Матак“ с.Кривогаштани,0.1091666667,3.988,"41.3384768,21.3310898","41.3680356,21.3191377",с. Годивле
7390106351,Кривогаштани - ООУ „Манчу Матак“ с.Кривогаштани,0.03972222222,1.765,"41.3384768,21.3310898","41.3346449,21.349829",с. Врбјани
7390106351,Кривогаштани - ООУ „Манчу Матак“ с.Кривогаштани,0.08777777778,3.601,"41.3384768,21.3310898","41.3122861,21.3496127",с. Крушеани
7390106351,Кривогаштани - ООУ „Манчу Матак“ с.Кривогаштани,0.03972222222,1.765,"41.3384768,21.3310898","41.3346449,21.349829",с. Врбјани
7390106351,Кривогаштани - ООУ „Манчу Матак“ с.Кривогаштани,0.1133333333,6.35,"41.3384768,21.3310898","41.3398735,21.4022148",с. Славеј
7400106297,Крушево - ООУ „Никола Карев“,0.7986111111,28.74,"41.3708666,21.2490284","41.4363811,21.2529008",с. Белушино
7400106297,Крушево - ООУ „Никола Карев“,0.7008333333,26.049,"41.3708666,21.2490284","41.4522435,21.272082",с. Саждево
7400106297,Крушево - ООУ „Никола Карев“,0.7158333333,25.911,"41.3708666,21.2490284","41.4326904,21.2779297",с. Борино
7400106297,Крушево - ООУ „Никола Карев“,0.3666666667,14.982,"41.3708666,21.2490284","41.3988335,21.2750382",с. Норово
7400106297,Крушево - ООУ „Никола Карев“,0.2858333333,11.183,"41.3708666,21.2490284","41.3682596,21.2966714",с. Алданци
7400106297,Крушево - ООУ „Никола Карев“,0.2919444444,11.526,"41.3708666,21.2490284","41.338406,21.2971072",с. Врбоец
7400106300,Крушево - ООУ „Св.Кирил и Методиј“ с.Бучин,0.3508333333,13.223,"41.3708666,21.2490284","41.3227148,21.3047098",с. Светомитрани-Крушево
7400106300,Крушево - ООУ „Св.Кирил и Методиј“ с.Бучин,0.4222222222,16.334,"41.3708666,21.2490284","41.296529,21.3135972",с. Пресил-Крушево
7410105681,Куманово - ООУ „11 Октомври“,0.1769444444,7.449,"42.1388163,21.7158189","42.1739033,21.685574", с. Речица
7410105681,Куманово - ООУ „11 Октомври“,0.1283333333,3.46,"42.1388163,21.7158189","42.1652476,21.7120958", с. Долно Коњаре
7410105452,Куманово - ООУ „Браќа Миладиновци“,0.3286111111,15.793,"42.1327161,21.7194271","42.0223585,21.7254424",с. Студена бара
7410105452,Куманово - ООУ „Браќа Миладиновци“,0.2588888889,12.417,"42.1327161,21.7194271","42.0408387,21.7428768",С.Пчиња
7410105452,Куманово - ООУ „Браќа Миладиновци“,0.04611111111,0.59,"42.1327161,21.7194271","42.1298652,21.7167862","нас. Соколана, Куманово"
7410105452,Куманово - ООУ „Браќа Миладиновци“,0.05361111111,0.715,"42.1327161,21.7194271","42.1341914,21.7203355","нас. Карпош, Куманово"
7410105517,Куманово - ООУ „Браќа Рибар“  с.Табановце,0.1355555556,6.98,"42.2226526,21.709831","42.1905872,21.7042852","с. Костурник, Табановце"
7410105517,Куманово - ООУ „Браќа Рибар“  с.Табановце,0.135,6.792,"42.21143978649116, 21.71458172273556","42.21001770907798, 21.75820219020496","с. Четирце, Табановце"
7410105517,Куманово - ООУ „Браќа Рибар“  с.Табановце,0.09083333333,4.928,"42.2226526,21.709831","42.1817388,21.722095","с. Горно Којнаре, Табановце"
7410105517,Куманово - ООУ „Браќа Рибар“  с.Табановце,0.09861111111,4.13,"42.2113112388945, 21.714544620215644","42.243853850843884, 21.728499453229215","с. Сопот, Табановце"
7410105649,Куманово - ООУ „Карпош“ с.Умин Дол,0.4558333333,18.287,"42.060222,21.5538112","42.1164812,21.6596418","с. Љубодраг, Куманово"
7410105568,Куманово - ООУ „Кирил и Методиј“ с.Романовце,0.09138888889,4.713,"42.089000531951726, 21.693417197499716","42.049874449566175, 21.682530105983492",с. Агино
7410105460,Куманово - ООУ „Кочо Рацин“ Куманово,0.4138888889,22.787,"42.1187106,21.7313393","42.0243341,21.8777713",с. Градиште
7410105460,Куманово - ООУ „Кочо Рацин“ Куманово,1.0375,44.287,"42.060222,21.5538112","42.0088238,21.8563235",с. Габреш
7410105460,Куманово - ООУ „Кочо Рацин“ Куманово,0.3613888889,18.225,"42.11871462995743, 21.73353016505417","42.0338269,21.8567526",с. Кучкарево
7410105460,Куманово - ООУ „Кочо Рацин“ Куманово,0.6855555556,26.097,"42.060222,21.5538112","42.1128452,21.7230269",с. Биљановце
7410105460,Куманово - ООУ „Кочо Рацин“ Куманово,0.2641666667,11.422,"42.118720263668266, 21.733519017805452","42.06321530627062, 21.80020112594031",с.Орашац
7410105460,Куманово - ООУ „Кочо Рацин“ Куманово,0.7347222222,28.475,"42.060222,21.5538112","42.1038576,21.7548716",с. Добрашане
7410105673,Куманово - ООУ „Толи Зордумис“,0.105,3.976,"42.1384324,21.7033212","42.1573431,21.6715943","с. Режановце, Куманово"
7410105525,Куманово - ООУ „Христијан Карпош“,0.1383333333,3.714,"42.1386343,21.7325556","42.1348509,21.7682879",с.Тромеѓа-Куманово
7410105525,Куманово - ООУ „Христијан Карпош“,0.04527777778,0.923,"42.1386343,21.7325556","42.1353252,21.7388349","нас. Иго Тричковиќ, Куманово"
7420105495,Липково - ООУ „Дитурија“,0.6491666667,21.925,"42.1187106,21.733528","42.1734401,21.547166",с. Рнковце
7420105495,Липково - ООУ „Дитурија“,1.0475,31.327,"42.1187106,21.733528","42.2143725,21.5176408",с. Гошинце
7420105495,Липково - ООУ „Дитурија“,0.4677777778,16.687,"42.1187106,21.733528","42.151387,21.5836757",с. Лукаре
,Липково - ООУ„5 Октомври“,0.1883333333,6.738,"42.1542873,21.5831315","42.1110246,21.6186159",с. Ропалце
7420105479,Липково - ООУ„Култура“ с.Матејче,0.5019444444,20.877,"42.0629308,21.5168244","42.0988622,21.5881556",с. Виштице
7420105614,Липково - ООУ„Рилиндја“ с.Љојане,0.2369444444,9.902,"42.1550921,21.5869332","42.2045045,21.6637301",с. Ваксинце
7420105614,Липково - ООУ„Рилиндја“ с.Љојане,0.3530555556,13.579,"42.1550921,21.5869332","42.2343811,21.6676663",с. Љојане
7420105487,Липково - ООУ„Фаик Коница“ с.Слупчане,0.1491666667,6.542,"42.1671727,21.6223396","42.1984083,21.5843362",с. Извор
7420105487,Липково - ООУ„Фаик Коница“ с.Слупчане,0.09333333333,3.617,"42.1671727,21.6223396","42.1919201,21.6060845",с. Рунич
7420105487,Липково - ООУ„Фаик Коница“ с.Слупчане,0.1272222222,5.452,"42.1671727,21.6223396","42.187295,21.5875452",с. Алашевце
7430107099,Лозово - ООУ „Методи Митевски-Брицо“,0.1063888889,4.816,"41.7811951,21.9024861","41.8043629,21.8678594",с. Милино
7430107099,Лозово - ООУ „Методи Митевски-Брицо“,0.06277777778,2.32,"41.7811951,21.9024861","41.7660602,21.8927451",с. Дорфулија
7430107099,Лозово - ООУ „Методи Митевски-Брицо“,0.08083333333,4.185,"41.7811951,21.9024861","41.788454,21.941919",с. Сарамзалино
7430107099,Лозово - ООУ „Методи Митевски-Брицо“,0.08777777778,4.99,"41.7811951,21.9024861","41.7636335,21.8684615",с. Каратманово
7460105444,Мaкедонска Kaменица - ОOУ „Св.Кирил и Методиј“,0.2236111111,8.817,"42.0226536,22.5885088","42.0800844,22.5425291",с. Саса
7460105444,Мaкедонска Kaменица - ОOУ „Св.Кирил и Методиј“,0.4336111111,14.175,"42.0226536,22.5885088","42.0612571,22.4939891",с.Цера
7460105444,Мaкедонска Kaменица - ОOУ „Св.Кирил и Методиј“,0.1258333333,4.148,"42.0226536,22.5885088","42.0546934,22.58847",с.Моштица-Македонска Каменица
,Маврово и Ростуше - OОУ „Хајан Селмани“ с.Ростуше,0.1388888889,4.598,"41.6106022,20.5994492","41.5887899,20.6258466",с. Јанче
,Маврово и Ростуше - OОУ „Хајан Селмани“ с.Ростуше,0.05555555556,1.283,"41.6106022,20.5994492","41.6167718,20.5969171",с. Велебрдо
,Маврово и Ростуше - OОУ „Хајан Селмани“ с.Ростуше,0.1361111111,3.395,"41.6106022,20.5994492","41.627772,20.5892421",с.Требиште
7440107625,Маврово и Ростуше - ОOУ „Денче Дејаноски“ с.Маврови Анови,0.1872222222,5.551,"41.7029597,20.7546078","41.720947,20.7304556",с. Врбен
7440107625,Маврово и Ростуше - ОOУ „Денче Дејаноски“ с.Маврови Анови,0.3036111111,9.409,"41.7029597,20.7546078","41.7510175,20.7760672",с. Дуф
7440107625,Маврово и Ростуше - ОOУ „Денче Дејаноски“ с.Маврови Анови,0.3538888889,14.032,"41.7029597,20.7546078","41.7342252,20.637112",с. Нистрово
7440107625,Маврово и Ростуше - ОOУ „Денче Дејаноски“ с.Маврови Анови,0.2194444444,7.938,"41.7029597,20.7546078","41.6551695,20.7340361",с. Маврово
7440111142,Маврово и Ростуше - ООУ „Блаже Конески“ с.Скидриње,0.2638888889,8.831,"41.5657538182147,20.6089622486477","41.5884136,20.6152776",с. Аџиевци
7440111142,Маврово и Ростуше - ООУ „Блаже Конески“ с.Скидриње,0.2991666667,9.35,"41.5657538182147,20.6089622486477","41.5805737,20.6103114",с.Присојница
7440107617,Маврово и Ростуше - ООУ „Маршал Тито“ с.Жеровница,0.2963888889,10.631,"41.6732317,20.5894088","41.681987,20.6577794","с. Сенце, Маврово Ростуше"
7440107617,Маврово и Ростуше - ООУ „Маршал Тито“ с.Жеровница,0.02388888889,0.618,"41.6732317,20.5894088","41.6770685,20.6022064","с. Врбјани, Маврово Ростуше"
7450106599,Македонски Брод - ООУ „Св.Климент Охридски“,0.7827777778,44.052,"41.5116438753442,21.2157370276042","41.7235239,21.158461",с.Брест
7450106599,Македонски Брод - ООУ „Св.Климент Охридски“,0.8186111111,45.372,"41.5116438753442,21.2157370276042","41.7297569,21.1318347",с.Косово
7450106599,Македонски Брод - ООУ „Св.Климент Охридски“,0.6086111111,38.11,"41.5116438753442,21.2157370276042","41.6821453,21.1456969",с. Самоков
7450106599,Македонски Брод - ООУ „Св.Климент Охридски“,0.5025,28.772,"41.5116438753442,21.2157370276042","41.645578991574155, 21.283721347890506",с. Црешнево
7450106599,Македонски Брод - ООУ „Св.Климент Охридски“,0.3227777778,18.676,"41.5116438753442,21.2157370276042","41.6151682,21.2123261",с.Долни Манастирец
7450106599,Македонски Брод - ООУ „Св.Климент Охридски“,0.105,2.744,"41.5116438753442,21.2157370276042","41.5281873,21.2104233",с.Требино
7450106599,Македонски Брод - ООУ „Св.Климент Охридски“,0.09972222222,3.941,"41.5116438753442,21.2157370276042","41.521029,21.2370841",с.Сувидол
7470104863,Могила - ООУ „Браќа Миладиновци“ с.Добрушево,0.05805555556,3.498,"41.15517,21.4815922","41.1320864,21.4711364",с.Трап-Будаково
7470104863,Могила - ООУ „Браќа Миладиновци“ с.Добрушево,0.07388888889,4.697,"41.15517,21.4815922","41.1833267,21.450904",с.Ношпал
7470104863,Могила - ООУ „Браќа Миладиновци“ с.Добрушево,0.1105555556,6.371,"41.15517,21.4815922","41.1666241,21.5375435",с.Мусинци
7470104863,Могила - ООУ „Браќа Миладиновци“ с.Добрушево,0.1555555556,8.898,"41.15517,21.4815922","41.0836964,21.478053",с.Дедебалци
7470161190,Могила - ООУ „Гоце Делчев“,0.1355555556,5.62,"41.1102655,21.3778691","41.1189345,21.4417918",с.Радобор
7470161190,Могила - ООУ „Гоце Делчев“,0.1902777778,8.003,"41.1102655,21.3778691","41.1417132,21.4371117",с. Долна Чарлија
7470104871,Могила - ООУ „Кочо Рацин“ с.Ивањевци,0.1386111111,5.288,"41.1951209,21.3592471","41.2304816,21.3371369",с. Св. Тодори
7470104871,Могила - ООУ „Кочо Рацин“ с.Ивањевци,0.2,9.374,"41.1951209,21.3592471","41.2070183,21.403477",с. Лознани
7470104871,Могила - ООУ „Кочо Рацин“ с.Ивањевци,0.1627777778,6.98,"41.1951209,21.3592471","41.2503752,21.3303047",с. Трновци
7470104871,Могила - ООУ „Кочо Рацин“ с.Ивањевци,0.1844444444,4.642,"41.1951209,21.3592471","41.1590737,21.3601959",с. Беранци
7470104871,Могила - ООУ „Кочо Рацин“ с.Ивањевци,0.1102777778,2.586,"41.1951209,21.3592471","41.1755291,21.3641181",с. Долно Српци
7480108214,Неготино - ООУ„Гоце Делчев“,0.1772222222,9.373,"41.4810977,22.0841135","41.527701,22.0131438",с. Курија
7480108214,Неготино - ООУ„Гоце Делчев“,0.2347222222,12.216,"41.4810977,22.0841135","41.4408778,22.1530385",с. Тремник
7480108214,Неготино - ООУ„Гоце Делчев“,0.05388888889,1.614,"41.4810977,22.0841135","41.46938,22.0824513",с. Тимјаник
7480108214,Неготино - ООУ„Гоце Делчев“,0.165,6.773,"41.4810977,22.0841135","41.4278027,22.0963127",с. Долни Дисан
7480108192,Неготино - ООУ„Страшо Пинџур“,0.1675,8.366,"41.4870934,22.0931932","41.5381009,22.0893532",с. Црвени Брегови
7480108192,Неготино - ООУ„Страшо Пинџур“,0.2330555556,9.965,"41.4870934,22.0931932","41.4744742,22.1666081",с. Војшанци
7480108192,Неготино - ООУ„Страшо Пинџур“,0.1286111111,5.674,"41.4870934,22.0931932","41.5191667,22.1282463",с. Пепелиште
7480108192,Неготино - ООУ„Страшо Пинџур“,0.1263888889,5.491,"41.4870934,22.0931932","41.5276928,22.1201244",с. Криволак
7490104839,Новаци - ООУ „Славко Лумбарковски“,0.065,2.863,"41.040614,21.4545742","41.0191346,21.467459",с. Рибарци
7490104839,Новаци - ООУ „Славко Лумбарковски“,0.1719444444,8.66,"41.040614,21.4545742","41.1088526,21.4748708",с. Далбеговци
7490104839,Новаци - ООУ „Славко Лумбарковски“,0.3613888889,18.738,"41.040614,21.4545742","40.9316575,21.5566569",с. Бач
7490104839,Новаци - ООУ „Славко Лумбарковски“,0.1719444444,9.641,"41.040614,21.4545742","41.1161579,21.4865469",с.Агларци
7490104839,Новаци - ООУ „Славко Лумбарковски“,0.4469444444,22.824,"41.040614,21.4545742","40.9048276,21.5944815",с. Живојно
7490104839,Новаци - ООУ „Славко Лумбарковски“,0.07138888889,3.404,"41.040614,21.4545742","41.0688486,21.45674",с.Добромири
7490104839,Новаци - ООУ „Славко Лумбарковски“,0.4094444444,24.239,"41.040614,21.4545742","41.1025374,21.6469674",с.Рапеш
7490104839,Новаци - ООУ „Славко Лумбарковски“,0.4197222222,21.89,"41.040614,21.4545742","40.9172108,21.5304385",с. Гермијан
7500106785,Ново Село - ООУ „Видео Подгорец“ с.Колешино,0.08416666667,3.756,"41.3809494,22.8127059","41.3784448,22.8548511",с.Мокрино
7500106785,Ново Село - ООУ „Видео Подгорец“ с.Колешино,0.0525,2.457,"41.3809494,22.8127059","41.3772802,22.83907",с. Мокриево
7500106742,Ново Село - ООУ „Мануш Турновски“,0.1866666667,10.248,"41.4141551,22.8786273","41.3676538,22.9553959",с. Старо Коњарево
7500106742,Ново Село - ООУ „Мануш Турновски“,0.1202777778,6.175,"41.4141551,22.8786273","41.3758287,22.9042806",с. Смолари
7500106742,Ново Село - ООУ „Мануш Турновски“,0.08944444444,5.293,"41.4141551,22.8786273","41.4093718,22.8379843",с. Зубово
7500106742,Ново Село - ООУ „Мануш Турновски“,0.09055555556,3.704,"41.4141551,22.8786273","41.40262,22.9053368",с. Самоилово
7500106742,Ново Село - ООУ „Мануш Турновски“,0.1327777778,7.404,"41.4141551,22.8786273","41.3733297,22.923241",с. Дражево
7500106742,Ново Село - ООУ „Мануш Турновски“,0.1191666667,6.987,"41.4141551,22.8786273","41.3947439,22.9396702",с. Ново Коњарево
7500106742,Ново Село - ООУ „Мануш Турновски“,0.09666666667,6.661,"41.4141551,22.8786273","41.4387035,22.8271728",с. Сушица
7520110871,Охрид -   ООУ „Ванчо Николески“ с.Лескоец,0.1947222222,7.78,"41.1495911,20.8287746","41.1977523,20.8071124",с. Ливоишта
7520110871,Охрид -   ООУ „Ванчо Николески“ с.Лескоец,0.09861111111,3.584,"41.1495998,20.8404529","41.1714742,20.8339868",Косел
7520110871,Охрид -   ООУ „Ванчо Николески“ с.Лескоец,0.4086111111,17.875,"41.1495998,20.8404529","41.2369913,20.9061671",Куратица
7520105932,Охрид -  ООУ „ Св. Наум Охридски“ с.Пештани,0.1627777778,5.22,"41.015672704209,20.8114683015875","41.0256426,20.8151032",с. Елшани
7520105932,Охрид -  ООУ „ Св. Наум Охридски“ с.Пештани,0.1916666667,7.669,"41.015672704209,20.8114683015875","40.9605813,20.7830676",с. Трпејца
7520105932,Охрид -  ООУ „ Св. Наум Охридски“ с.Пештани,0.5222222222,11.446,"41.015672704209,20.8114683015875","41.0517267,20.812692",с. Коњско
7520106211,Охрид - ООУ „Кочо Рацин“,0.2336111111,7.543,"41.1356488,20.8108214","41.158189,20.7900842",Охрид
7520105908,Охрид - ООУ„Григор Прличев“,0.07888888889,2.501,"41.1136368,20.8064157","41.0950464,20.813148",Рача
7520105886,Охрид - ООУ„Климент Охридски“,0.3505555556,19.83,"41.1134117,20.8022899","41.2664358,20.7778082",Сатеска
7530104170,Петровец - ООУ „Братство-Единство“ с.Средно Коњари,0.8025,39.471,"41.9559597,21.7157167","41.9469344,21.3529888",с.Чифлик
7530104170,Петровец - ООУ „Братство-Единство“ с.Средно Коњари,0.06861111111,2.762,"41.9559597,21.7157167","41.9755671,21.7234401",c.Горно Коњари
7530104170,Петровец - ООУ „Братство-Единство“ с.Средно Коњари,0.0425,1.663,"41.9559597,21.7157167","41.9421573,21.7083724",Долно Коњари
7530104170,Петровец - ООУ „Братство-Единство“ с.Средно Коњари,0.3377777778,29.05,"41.9559198,21.7155184","41.957317,21.7596287",с.Сушица
7530104073,Петровец - ООУ „Кочо Рацин“,0.3422222222,17.302,"41.9595575,21.5193596","41.8934731,21.6798901",Катланово
7530104073,Петровец - ООУ „Кочо Рацин“,0.2988888889,12.884,"41.9595575,21.5193596","41.9221502,21.5848748",Огњанци
7540105339,Пехчево - OОУ „Ванчо Китанов“,0.08777777778,3.761,"41.7623452,22.8815537","41.7609897,22.8375305",с.Робово-Пехчево
7540105339,Пехчево - OОУ „Ванчо Китанов“,0.1941666667,11.762,"41.7623452,22.8815537","41.8210113,22.8821749",с.Црник-Пехчево
7540105339,Пехчево - OОУ „Ванчо Китанов“,0.2755555556,16.603,"41.7623452,22.8815537","41.8557324,22.9023878",с.Панчарево-Пехчево
7540105339,Пехчево - OОУ „Ванчо Китанов“,0.1213888889,4.796,"41.7623452,22.8815537","41.7706088,22.8354997",с.Умлена - Пехчево
,Пласница - ООУ „Јунус Емре“ с.Лисичани,0.1694444444,7.136,"41.4633253,21.0494533","41.4614192,20.9983946",с.Староец
,Пласница - ООУ „Јунус Емре“ с.Лисичани,0.07194444444,3.077,"41.4633253,21.0494533","41.473781,21.0289309",с.Челопеци
,Пласница - ООУ „Јунус Емре“ с.Лисичани,0.1577777778,6.454,"41.4633253,21.0494533","41.4952009,21.0557879",с.Вранештица
7560106327,Прилеп - OOУ „Климент Охридски“,0.1644444444,6.866,"41.3459494,21.5482275","41.3861615,21.4989519",с.Мачучиште
7560106394,Прилеп - ООУ „Рампо Левката“,0.007222222222,0.578,"41.3308934,21.5541592","41.3276385,21.5646735",с. Селце
7560106572,Прилеп - ООУ„Блаже Конески“,0.04666666667,0.965,"41.3510945,21.5372349","41.3561779,21.5378692",нас. Варош
7560106440,Прилеп - ООУ„Гоце Делчев“,0.5738888889,26.545,"41.3427915,21.5681633","41.3790305,21.8058443",с. Голем Радобил општина Прилеп
7560106491,Прилеп - ООУ„Кирил и Методиј“ с. Канатларци,0.04277777778,1.856,"41.2108562,21.5029942","41.2129245,21.4820989",с. Ерековци
7560106491,Прилеп - ООУ„Кирил и Методиј“ с. Канатларци,0.3516666667,10.739,"41.2108562,21.5029942","41.229067,21.598464",с. Бонче
7560106491,Прилеп - ООУ„Кирил и Методиј“ с. Канатларци,0.1430555556,5.954,"41.2108562,21.5029942","41.2009313,21.5635045",Подмол
7560106386,Прилеп - ООУ„Кочо Рацин“,0.07805555556,1.321,"41.343465,21.5546088","41.3482417,21.5433774",нас. Рид
7560106335,Прилеп - ООУ„Круме Волнароски“ с.Тополчани,0.2144444444,11.921,"41.2279955,21.4310082","41.2977961,21.4952286",Беровци
7560106335,Прилеп - ООУ„Круме Волнароски“ с.Тополчани,0.3,13.899,"41.2279955,21.4310082","41.3049976,21.4798967",с.галичани
7560106335,Прилеп - ООУ„Круме Волнароски“ с.Тополчани,0.1125,4.411,"41.2279955,21.4310082","41.2639722,21.4336517",с.Загорани
7560106335,Прилеп - ООУ„Круме Волнароски“ с.Тополчани,0.1566666667,8.098,"41.2279955,21.4310082","41.2597127,21.482277",Алинци
7560106335,Прилеп - ООУ„Круме Волнароски“ с.Тополчани,0.2297222222,13.28,"41.2279955,21.4310082","41.3118674,21.5159083",с. Ново Лагово
7560106335,Прилеп - ООУ„Круме Волнароски“ с.Тополчани,0.1330555556,5.363,"41.2279955,21.4310082","41.2044614,21.458525",Клепач
7560106335,Прилеп - ООУ„Круме Волнароски“ с.Тополчани,0.1169444444,4.378,"41.2279955,21.4310082","41.2496233,21.3965366",с.Чепигово
7560106335,Прилеп - ООУ„Круме Волнароски“ с.Тополчани,0.2416666667,13.545,"41.2279955,21.4310082","41.2954857,21.5352632",с.Старо Лагово
7560106475,Прилеп - ООУ„Страшо Пинџур“ с. Мало Коњари,0.1080555556,3.666,"41.3370918,21.4629641","41.3075684,21.4606851",Кадино Село
7560106475,Прилеп - ООУ„Страшо Пинџур“ с. Мало Коњари,0.0675,2.832,"41.3370918,21.4629641","41.3448768,21.4395346",Големо Коњари
7570107145,Пробиштип - ООУ „Браќа Миладиновци“,0.2144444444,8.404,"42.0015214,22.1795813","41.9873186,22.2373191",Злетово
7570107145,Пробиштип - ООУ „Браќа Миладиновци“,0.1194444444,3.808,"42.0015214,22.1795813","41.9979863,22.1585438",нас. Пробиштип
7570107145,Пробиштип - ООУ „Браќа Миладиновци“,0.1402777778,5.272,"42.0015214,22.1795813","42.0249656,22.1976048",с.Добрево
7570107145,Пробиштип - ООУ „Браќа Миладиновци“,0.1541666667,6.076,"42.0015214,22.1795813","41.9678935,22.217299",с.Ратавица
7570110812,Пробиштип - ООУ „Никола Карев“,0.1038888889,3.965,"41.9946457,22.1822926","41.9818696,22.1631354",с.Стрмош
7580106939,Радовиш - ООУ „Коста Рацин“ с.Подареш,0.1316666667,4.111,"41.615663,22.5400405","41.5871493,22.5629632",с.Јаргулица
7580106904,Радовиш - ООУ „Крсте Петков Мисирков“,0.28,9.688,"41.63435,22.4666661","41.6892662,22.4200212",с.Коџалија
7580106904,Радовиш - ООУ „Крсте Петков Мисирков“,0.1638888889,6.361,"41.63435,22.4644774","41.6650037,22.4856248",с.Калаузлија
7580106912,Радовиш - ООУ „Никола Карев“,0.09527777778,2.767,"41.6403198,22.4623985","41.6302609,22.4839668",нас.Раклиш
7580106912,Радовиш - ООУ „Никола Карев“,0.2169444444,9.409,"41.6403198,22.4623985","41.6569572,22.3764842",с.Тополница
7580106912,Радовиш - ООУ „Никола Карев“,0.2066666667,8.865,"41.6403198,22.4623985","41.6611302,22.413075",с.Прналија
7580106912,Радовиш - ООУ „Никола Карев“,0.2908333333,14.828,"41.6403198,22.4623985","41.6707083,22.3397705",Бучим
7580106920,Радовиш - ООУ „Орце Николов“ с.Ињево,0.2144444444,12.602,"41.6136257,22.4292373","41.5727999,22.5158516",Калугерица
7580106920,Радовиш - ООУ „Орце Николов“ с.Ињево,0.3147222222,21.068,"41.6136257,22.4292373","41.5558235,22.6002125",Злеово
7580106920,Радовиш - ООУ „Орце Николов“ с.Ињево,0.3025,17.479,"41.6136257,22.4292373","41.5739235,22.5722325",Покрајчево
7580106920,Радовиш - ООУ „Орце Николов“ с.Ињево,0.1905555556,10.372,"41.6136257,22.4292373","41.5851211,22.4862656",Сулдурци
7580106920,Радовиш - ООУ „Орце Николов“ с.Ињево,0.1861111111,8.694,"41.6136257,22.4292373","41.5884701,22.4712117",Воиславци
7590114877,Ранковце - ОOУ „Христијан Тодоровски Карпош“,0.04583333333,1.151,"42.1709507345739,22.2012828482559","42.1655202,22.2021672",с.Псача
7590114877,Ранковце - ОOУ „Христијан Тодоровски Карпош“,0.2336111111,11.217,"42.1709507345739,22.2012828482559","42.2002898,22.1102842", Радибуш
7590114877,Ранковце - ОOУ „Христијан Тодоровски Карпош“,0.5733333333,26.088,"42.1709507345739,22.2012828482559","42.2745457,22.0903691",С. Герман
7600104898,Ресен - OОУ „Димитар Влахов“ с.Љубојно,0.1561111111,7.917,"40.8949343,21.1378546","40.9397716,21.1074319",с.Крани
7600104898,Ресен - OОУ „Димитар Влахов“ с.Љубојно,0.1655555556,9.992,"40.8949343,21.1378546","40.9585661,21.0800909",с.Сливница
7600104898,Ресен - OОУ „Димитар Влахов“ с.Љубојно,0.1236111111,5.688,"40.8949343,21.1378546","40.9237389,21.1007446",с. Штрбово
7600104898,Ресен - OОУ „Димитар Влахов“ с.Љубојно,0.08194444444,3.143,"40.8949343,21.1378546","40.8937612,21.1085396",с. Наколец
7600104898,Ресен - OОУ „Димитар Влахов“ с.Љубојно,0.1144444444,3.312,"40.8949343,21.1378546","40.8757299,21.121221", Долно Дупени- Ресен
7600104936,Ресен - ООУ „Браќа Миладиновци“ с.Царев Двор,0.1044444444,5.953,"41.0410544,21.0049296","41.0178904,20.9586525","Покрвеник, Ресен"
7600104936,Ресен - ООУ „Браќа Миладиновци“ с.Царев Двор,0.03833333333,1.374,"41.0410544,21.0049296","41.0336543,20.9994097","Дрмени, Ресен"
7600104936,Ресен - ООУ „Браќа Миладиновци“ с.Царев Двор,0.05027777778,2.303,"41.0410544,21.0049296","41.0284087,21.0211722","Езерани, Ресен"
7600104936,Ресен - ООУ „Браќа Миладиновци“ с.Царев Двор,0.3005555556,16.727,"41.0410544,21.0049296","40.9426332,20.9066797","Сење, Ресен"
7600104944,Ресен - ООУ „Гоце Делчев“,0.15,5.25,"41.090019,21.015169","41.1326516,21.0035347",с.Избишта
7600104944,Ресен - ООУ „Гоце Делчев“,0.1630555556,6.177,"41.090019,21.015169","41.0862181,21.0642578",с.Сопотско
7600104901,Ресен - ООУ „Мите Богоевски“,0.1813888889,6.702,"41.0879213,21.0104093","41.1088374,20.9726414",с.Болно    Ресен
7600104901,Ресен - ООУ „Мите Богоевски“,0.08972222222,2.138,"41.0879213,21.0104093","41.1060216,21.0103334",с.Јанковец Ресен
7600104928,Ресен - ООУ „Славејко Арсов“ с.Подмочани,0.1244444444,6.999,"41.0207983,21.0509529","41.0505699,21.0275009","Горна Бела Црква, Ресен"
7600104928,Ресен - ООУ „Славејко Арсов“ с.Подмочани,0.09416666667,4.003,"41.0207983,21.0509529","41.0368809,21.0312312",с.Долна Бела Црква Ресен
7600104928,Ресен - ООУ „Славејко Арсов“ с.Подмочани,0.07861111111,4.213,"41.0207983,21.0509529","40.9857428,21.0519709",с.Асамати
7610108346,Росоман - ООУ „Пере Тошев“,0.1694444444,8.177,"41.5164019,21.9444293","41.4754678,21.9146388",с. Трстеник
7610108346,Росоман - ООУ „Пере Тошев“,0.1322222222,5.131,"41.5164019,21.9444293","41.4884565,21.944523",ПУ Манастирец
7610108346,Росоман - ООУ „Пере Тошев“,0.2016666667,9.327,"41.5164019,21.9444293","41.5373492,21.9759744",с. Паликура
7610108346,Росоман - ООУ „Пере Тошев“,0.1358333333,7.586,"41.5164019,21.9444293","41.5058059,21.890727",с. Сирково
7810103085,Сарај - OОУ „Дрита“ с.Рашче,0.1675,4.006,"42.0218618,21.2507884","42.0064361,21.2372456",Копаниче
7810162600,Сарај - ООУ „Бедри Таири“ с.Долно Свиларе,0.1138888889,3.538,"42.012165,21.3113944","42.0272646,21.2867355",Долно Свиларе
7810103247,Сарај - ООУ „Дитуриа“,0.08,1.764,"41.9983999,21.3273945","42.0009808,21.3095605",Љубин
7810103247,Сарај - ООУ „Дитуриа“,0.1763888889,4.089,"41.9983999,21.3273945","41.9721621,21.3333678",Грчец
7810103255,Сарај - ООУ „Емин Дураку“ с.Буковиќ,0.4497222222,15.488,"41.9905951,21.3396305","41.9433457,21.2175401",с.Раовиќ
7810103255,Сарај - ООУ „Емин Дураку“ с.Буковиќ,0.2994444444,10.965,"41.9905951,21.3396305","41.9621807,21.2552823",с.Чајлане
7810103255,Сарај - ООУ „Емин Дураку“ с.Буковиќ,0.1841666667,6.692,"41.9905951,21.3396305","41.9855971,21.2784898",с.Арнакија
7810104375,Сарај - ООУ „Ибе Паликуќа“ с.Бојане,0.3608333333,16.043,"42.0039028,21.3701531","41.9737404,21.21177",Ласкарци
7810104375,Сарај - ООУ „Ибе Паликуќа“ с.Бојане,0.4472222222,18.241,"42.0039028,21.3701531","41.9541447,21.2111826",с. Паничар
7810104391,Сарај - ООУ „Сами Фрашери“ с.Глумово,0.1258333333,3.451,"41.981572,21.3069615","41.9637223,21.2822958","Матка,Сарај -Скопје"
7810104391,Сарај - ООУ „Сами Фрашери“ с.Глумово,0.1416666667,4.382,"41.981572,21.3069615","41.9827011,21.3241786","Шишево,Сарај-Скопје"
7810103239,Сарај - ООУ „Фаик Коница“ с.Радуша,0.1791666667,5.733,"42.0854758,21.2109356","42.0978442,21.1644154",Дворце
7630107080,Свети Николе - ООУ „Гоце Делчев“,0.2322222222,9.677,"41.8665468,21.9411638","41.8170807,21.9509592","Срнилиште, Свети Николе"
7630107080,Свети Николе - ООУ „Гоце Делчев“,0.1316666667,5.862,"41.8665468,21.9411638","41.8745848,21.876333","Горобинци, Свети Николе"
7630107072,Свети Николе - ООУ „Даме Груев“ с.Ерџелија,0.1,5.328,"41.8348989,22.0299368","41.8112377,21.9929954",с.Амзабегово
7630107072,Свети Николе - ООУ „Даме Груев“ с.Ерџелија,0.09416666667,4.353,"41.8348989,22.0299368","41.8414553,22.0778761",с.Мустафино
7630107072,Свети Николе - ООУ „Даме Груев“ с.Ерџелија,0.09861111111,5.21,"41.8348989,22.0299368","41.8221581,21.9846164",с.Пеширово
7630107072,Свети Николе - ООУ „Даме Груев“ с.Ерџелија,0.1063888889,3.602,"41.8348989,22.0299368","41.8081898,22.0452161",с.Кадрифаково
7630107102,Свети Николе - ООУ „Кирил и Методиј“,0.3355555556,15.519,"41.8637762,21.9371653","41.9774348,21.9702419",Свети Николе
7640103514,Сопиште - ООУ „Драга Стојанова“ с.Ракотинци,0.7030555556,25.372,"41.941135578168705, 21.335939346107853","41.799599845280305, 21.318041437101673",Патишка Река
7640103514,Сопиште - ООУ „Драга Стојанова“ с.Ракотинци,0.1694444444,5.105,"41.9863885,21.4357311","41.9534851,21.4247199",с.Сопиште
7640103514,Сопиште - ООУ „Драга Стојанова“ с.Ракотинци,0.4733333333,18.236,"41.9406624,21.4117848","41.8505847,21.3480667",Држилово
7640103514,Сопиште - ООУ „Драга Стојанова“ с.Ракотинци,0.3922222222,13.175,"41.9863885,21.4357311","41.9469423,21.3486114", Чифлик - општина Сопиште
7640103514,Сопиште - ООУ „Драга Стојанова“ с.Ракотинци,0.05055555556,0.752,"41.9863885,21.4357311","41.9858873,21.4312845",Св.Петка
7640103514,Сопиште - ООУ „Драга Стојанова“ с.Ракотинци,0.2930555556,9.529,"41.9863885,21.4357311","41.9266753,21.4015162",село Добри Дол
7640103514,Сопиште - ООУ „Драга Стојанова“ с.Ракотинци,0.3497222222,10.934,"41.9863885,21.4357311","41.9338065,21.3842128",Д.Соње
7620105584,Старо Нагоричане - OOУ„Светозар Марковиќ“,0.2272222222,10.056,"42.1992815291656,21.831085846571","42.2632521,21.8183886",с.Алгуња
7620105584,Старо Нагоричане - OOУ„Светозар Марковиќ“,0.3577777778,18.978,"42.1992815291656,21.831085846571","42.2176222,21.7925543",с Никуљане
7620105576,Старо Нагоричане - ООУ„Христијан Карпош“ с.Младо Нагоричане,0.2166666667,10.708,"42.1791142,21.7897346","42.159498,21.9009768",с.Облавце
7620105576,Старо Нагоричане - ООУ„Христијан Карпош“ с.Младо Нагоричане,0.4225,18.104,"42.171785677591764, 21.81118298149269","42.2303205,21.951027",с.Бајловце
7620105576,Старо Нагоричане - ООУ„Христијан Карпош“ с.Младо Нагоричане,0.1405555556,4.207,"42.1791142,21.7897346","42.1636395,21.8181846",с.Младо Нагоричане
7620105592,Старо Нагоричане - ООУ„Христијан Тодоровски Карпош“ с.Драгоманце,0.08027777778,3.301,"42.2200628,21.8459967","42.2317578,21.8187619",с.Челопек - Старо Нагоричане
7620105592,Старо Нагоричане - ООУ„Христијан Тодоровски Карпош“ с.Драгоманце,0.5958333333,24.53,"42.1819155,21.8089737","42.2591747,21.9833421","Арбанашко, Старо Нагоричане"
7620105592,Старо Нагоричане - ООУ„Христијан Тодоровски Карпош“ с.Драгоманце,0.2930555556,16.159,"42.1819155,21.8089737","42.2868968,21.849575","Пелинце, Старо Нагоричане"
7650105991,Струга - ООУ „Ашим Агуши“ с.Радолишта,0.1291666667,3.875,"41.1662279,20.6279044","41.1927868,20.6305773",Заграчан
7650105991,Струга - ООУ „Ашим Агуши“ с.Радолишта,0.08,3.215,"41.1662279,20.6279044","41.1467629,20.6267468","Френгове, Струга"
7650105975,Струга - ООУ „Браќа Миладиновци“,0.1313888889,4.773,"41.1749058,20.6810709","41.1516939,20.6480654",Калишта
7650106076,Струга - ООУ „Гоце Делчев“ с.Јабланица,0.5358333333,25.893,"41.1825571,20.6807753","41.3218678,20.6061562",с. Пискупштина
7650106076,Струга - ООУ „Гоце Делчев“ с.Јабланица,0.5911111111,27.595,"41.1825571,20.6807753","41.3380114,20.6001835",с.Нерези
7650106076,Струга - ООУ „Гоце Делчев“ с.Јабланица,0.5025,26.138,"41.1825571,20.6807753","41.3534717,20.6052025",с. Луково
7650106092,Струга - ООУ „Единство“ с.Октиси,0.2283333333,10.692,"41.2592711,20.5944943","41.214936,20.6356193",с. Долна Белица
7650106165,Струга - ООУ „Зини Хани“ с.Велешта,0.1291666667,5.483,"41.2105347,20.657763","41.2521646,20.6536463",Добовјани
7650106084,Струга - ООУ „Јосип Броз Тито“,0.1613888889,6.432,"41.1749761,20.6685149","41.1869837,20.7087242",с.Мислешево
7650106084,Струга - ООУ „Јосип Броз Тито“,0.1536111111,6.544,"41.1749761,20.6685149","41.209691,20.6639569",с.Враништа
7650106084,Струга - ООУ „Јосип Броз Тито“,0.2444444444,9.57,"41.1749761,20.6685149","41.1042405,20.6335316",с.Радожда
7650105983,Струга - ООУ „Климент Охридски“ с.Драслајца,0.1822222222,8.649,"41.1653563,20.6967858","41.2182826,20.672451",с.Биџево
7650105983,Струга - ООУ „Климент Охридски“ с.Драслајца,0.1575,6.115,"41.2087766,20.6789335","41.2273627,20.6713153",Ложани
7650105983,Струга - ООУ „Климент Охридски“ с.Драслајца,0.2586111111,9.877,"41.2087766,20.6789335","41.2013601,20.6952004",Мороишта
7650106017,Струга - ООУ „Мурат Лабуништа“ Лабуништа,0.1686111111,5.15,"41.2686582,20.5979813","41.2884746,20.5933667",с.Боровец
7650106017,Струга - ООУ „Мурат Лабуништа“ Лабуништа,0.1841666667,6.162,"41.2686582,20.5979813","41.2668257,20.6410731",село Ташмаруништа
7650106009,Струга - ООУ „Нури Мазари“ с.Делогожда,0.04444444444,1.102,"41.25522,20.7196423","41.2535702,20.728832",Корошиште
7650106009,Струга - ООУ „Нури Мазари“ с.Делогожда,0.06444444444,1.811,"41.25522,20.7196423","41.2484974,20.7351416",Ливади
7650106009,Струга - ООУ „Нури Мазари“ с.Делогожда,0.07777777778,2.213,"41.25522,20.7196423","41.2486876,20.7378419",Жепин
7650106009,Струга - ООУ „Нури Мазари“ с.Делогожда,0.1847222222,5.4,"41.25522,20.7196423","41.2809877,20.7121861",Поум
7650160224,Струга - ООУ „Орхан Џемаили“,0.4911111111,18.352,"41.1749058,20.6810709","41.2882559,20.6698493","Боговице, струга"
7650160224,Струга - ООУ „Орхан Џемаили“,0.3711111111,13.618,"41.1749058,20.6810709","41.2583542,20.6879957",Долно Татеши-Струга
7650160224,Струга - ООУ „Орхан Џемаили“,0.5036111111,19.262,"41.1749058,20.6810709","41.3001749,20.6917448","Мислодежде, Струга"
7660115156,Струмица - ОOУ „Даме Груев“ с.Кукулиш,0.6138888889,19.586,"41.407701722989,22.6655164","41.3388234,22.669147",с.Дорломбос
7660115156,Струмица - ОOУ „Даме Груев“ с.Кукулиш,0.4325,15.803,"41.407701722989,22.6655164","41.3335295,22.6424807",с.Мемешли
7660115156,Струмица - ОOУ „Даме Груев“ с.Кукулиш,0.2438888889,11.646,"41.407701722989,22.6655164","41.3568171,22.6097809",с.Костурино
7660115156,Струмица - ОOУ „Даме Груев“ с.Кукулиш,0.07722222222,3.464,"41.407701722989,22.6655164","41.3911821,22.6976607",с.Свидовица
7660115156,Струмица - ОOУ „Даме Груев“ с.Кукулиш,0.1922222222,7.78,"41.407701722989,22.6655164","41.3972499,22.6001144",Раборци
7660106653,Струмица - ООУ „Маршал Тито“,0.2883333333,11.55,"41.4338795,22.6361603","41.4159135,22.5898501",Попчево
7660106653,Струмица - ООУ „Маршал Тито“,0.4977777778,15.972,"41.4338795,22.6361603","41.4428326,22.5187462"," Рич, Општина Струмица"
7660106637,Струмица - ООУ „Маршал Тито“ с.Муртино,0.3747222222,17.407,"41.4338795,22.6361603","41.3770174,22.7950048",с. Габрово
7660106637,Струмица - ООУ „Маршал Тито“ с.Муртино,0.1313888889,3.675,"41.4338795,22.6361603","41.4140133,22.6593839",с. Банско
7660106637,Струмица - ООУ „Маршал Тито“ с.Муртино,0.1972222222,6.852,"41.4338795,22.6361603","41.4209554,22.6999339",с. Сачево
7660106831,Струмица - ООУ „Никола Вапцаров“,0.05916666667,1.649,"41.4294311,22.6486115","41.4228874,22.6613454",село Градско Балдовци
7660106645,Струмица - ООУ „Сандо Масев“,0.085,1.302,"41.4405183,22.6364319","41.4421371,22.6443207",Струмица
7660106645,Струмица - ООУ „Сандо Масев“,0.1122222222,3.094,"41.4405183,22.6364319","41.4477767,22.6079869",Баница
7660106645,Струмица - ООУ „Сандо Масев“,0.1336111111,3.06,"41.4405183,22.6364319","41.4572813,22.6485891",с.Добрејци
7660106645,Струмица - ООУ „Сандо Масев“,0.1466666667,4.405,"41.4405183,22.6364319","41.4495302,22.5921774",Водоча
7670103417,Студеничани - OОУ„Наим Фрашери”,0.3108333333,10.926,"41.9144056,21.5341365","41.9836719,21.5263051",с.Морани
7670104405,Студеничани - ООУ „Алија Авдовиќ“ с.Батинци,0.2763888889,10.591,"41.9179341,21.4780402","41.879598,21.3909838",Малчиште
7670104405,Студеничани - ООУ „Алија Авдовиќ“ с.Батинци,0.1861111111,6.794,"41.9179341,21.4780402","41.88159958733186, 21.441225117195813",Драчевица
7670104405,Студеничани - ООУ „Алија Авдовиќ“ с.Батинци,0.6313888889,22.853,"41.9179341,21.4780402","41.8404355,21.3707581",с.Елово   без уличен систем
7670104405,Студеничани - ООУ „Алија Авдовиќ“ с.Батинци,0.8402777778,29.339,"41.9179341,21.4780402","41.8087502,21.3774286",с. Црн Врв
7670104405,Студеничани - ООУ „Алија Авдовиќ“ с.Батинци,0.3583333333,14.144,"41.9179341,21.4780402","41.8582787,21.408888",Цветово
7670103549,Студеничани - ООУ „Мустафа Кемал Ататурк“ Долно Количани,0.1408333333,3.219,"41.8870838,21.4854277","41.8852952,21.5103393",Село Вртекица
7670103549,Студеничани - ООУ „Мустафа Кемал Ататурк“ Долно Количани,0.08916666667,2.364,"41.8870838,21.4854277","41.879885,21.4712687",Село Горно Количани
7680107765,Теарце - ООУ „Екрем Чабеј“ с.Слатино,0.7405555556,36.457,"42.0470855,21.2358543","42.0516109,21.0219571",Непроштено
7680107366,Теарце - ООУ „Кирил Пејчиновиќ“ с.Теарце,0.08305555556,3.814,"42.0766147,21.0524921","42.0612487,21.032401",с.Лешок
7680107501,Теарце - ООУ „Фаик Коница“ с.Доброште,0.03444444444,0.74,"42.1072253305565,21.0844921260223","42.1027035,21.0789012",Доброшт
7680107501,Теарце - ООУ „Фаик Коница“ с.Доброште,0.065,1.944,"42.1072253305565,21.0844921260223","42.1027032,21.0701465",Odër
,Тетово - ДМУ„Тодор Скаловски-Тетоец„,2.0475,133.458,"42.0132441,20.9705615","41.179281,20.6684814",Струга
7690115563,Тетово - ООУ „Беса“ с.Вешала,0.1052777778,2.187,"42.0614172,20.8450877","42.053526,20.8274305",с. Бозовце
7690107250,Тетово - ООУ „Братство Миѓени“,0.1930555556,7.555,"42.0109424,20.9778035","41.9829083,21.0420317","f. Saraqine, Tetove"
7690107293,Тетово - ООУ „Ѓерѓ Кастриоти Скендербег“ с.Порој,0.3394444444,9.202,"42.0314044,20.9910918","42.0522209,20.967048",Ѓермо
7690107234,Тетово - ООУ „Истикбал“,0.2763888889,10.275,"42.0091043,20.9579077","42.0035216,20.9219095",с.Лисец
7690107234,Тетово - ООУ „Истикбал“,0.265,7.995,"42.0125885,20.9698842","42.0117208,20.9429743",с.Гајре
7690107781,Тетово - ООУ „Кирил и Методиј“,0.2125,6.393,"42.0125885,20.9698842","41.9803174,21.0066339",С.Фалише
7690107285,Тетово - ООУ „Реџеп Вока“ с.Шипковица,0.8547222222,26.246,"42.0641075,21.0113028","42.0579201,20.889473",с. Бродец
7690107714,Тетово - ООУ „Рилиндја“ с.Селце,0.1280555556,2.642,"42.0356018,20.9389113","42.0258139,20.9569663","Лавце, Тетово"
7690107714,Тетово - ООУ „Рилиндја“ с.Селце,0.3338888889,8.077,"42.0356018,20.9389113","42.0829961,20.9232031"," Вејце,Тетово"
7700106130,Центар Жупа - ООУ „Мустафа Кемал Ататурк“,0.1386111111,4.73,"41.4723985,20.5558351","41.5025226,20.5518539", Горенци
7700106130,Центар Жупа - ООУ „Мустафа Кемал Ататурк“,0.4933333333,15.159,"41.4639088,20.5795828","41.4938144,20.5828243",с.Броштица
7700106238,Центар Жупа - ООУ „Неџати Зекирија“ с.Коџаџик,0.1405555556,4.767,"41.4445452,20.593675","41.4583095,20.5485133",с.Праленик
7700106238,Центар Жупа - ООУ „Неџати Зекирија“ с.Коџаџик,1.013888889,44.583,"41.4445452,20.593675","41.4230811,20.5864145",с.Долгаш
7700106238,Центар Жупа - ООУ „Неџати Зекирија“ с.Коџаџик,0.2238888889,7,"41.4445452,20.593675","41.420307,20.623838",с.Елевци
7700106238,Центар Жупа - ООУ „Неџати Зекирија“ с.Коџаџик,0.08083333333,2.674,"41.4445452,20.593675","41.4369121,20.612401",С. Новак
7700106238,Центар Жупа - ООУ „Неџати Зекирија“ с.Коџаџик,0.04972222222,1.681,"41.4445452,20.593675","41.4539673,20.5829889",Брештаник -Центар Жупа
7830103778,Чаир - ООУ „Васил Главинов“,0.1636111111,3.406,"42.0134378,21.4340955","41.9889765,21.436568",Чаир
,Чаир - ООУ„Исмаил Ќемали“,0.09944444444,1.814,"42.0195442,21.4311758","42.010736,21.4393901",Скопје - Чаир
7710161379,Чашка - ООУ „Лирија“ Г.Јаболчиште,0.5411111111,19.443,"41.7247059,21.4827137","41.6811729,21.5505146",с. Горно Врановци
7710161379,Чашка - ООУ „Лирија“ Г.Јаболчиште,0.0002777777778,0.007,"41.7260241625033,21.4871342543649","41.724691,21.4870724",с. Долно Јаболчиште
7710107897,Чашка - ООУ „Петар Поп Арсов“ с.Богомила,0.1402777778,6.991,"41.5928367,21.47732","41.5908972,21.5534681",с.Согле
7710107897,Чашка - ООУ „Петар Поп Арсов“ с.Богомила,0.4611111111,25.166,"41.5928367,21.47732","41.5531783,21.6967199",С.Извор
7710107919,Чашка - ООУ „Тодор Јанев“ с.Чашка,0.2230555556,9.918,"41.6485116,21.6903802","41.6425793,21.5897824",село Мелница
7720105223,Чешиново-Облешево - ООУ „Климент Охридски“ с.Облешево,0.1133333333,2.966,"41.8839081,22.3341322","41.9080553,22.3319434",с.Бања
7720105223,Чешиново-Облешево - ООУ „Климент Охридски“ с.Облешево,0.1297222222,4.287,"41.8839081,22.3341322","41.851344,22.3543548",с.Теранци
7720105223,Чешиново-Облешево - ООУ „Климент Охридски“ с.Облешево,0.1511111111,7.705,"41.8839081,22.3341322","41.8464806,22.3159789",с.Кучичино
7720105223,Чешиново-Облешево - ООУ „Климент Охридски“ с.Облешево,0.06527777778,2.714,"41.8839081,22.3341322","41.8696094,22.312932",с.Чифлик
7720105231,Чешиново-Облешево - ООУ „Страшо Пинџур“ с.Соколарци,0.1097222222,3.753,"41.8946963,22.2784945","41.9047201,22.3082542",с.Спанчево
7720105231,Чешиново-Облешево - ООУ „Страшо Пинџур“ с.Соколарци,0.1069444444,3.28,"41.8946963,22.2784945","41.871767,22.2907877",Чешиново
7720105231,Чешиново-Облешево - ООУ „Страшо Пинџур“ с.Соколарци,0.1655555556,5.884,"41.8946963,22.2784945","41.8586002,22.263729",с.Уларци
7730103824,Чучер Сандево - ООУ „Св.Кирил и Методиј“  с.Кучевиште,0.06527777778,1.329,"42.1098531,21.4163384","42.1128892,21.4259595",с.побожје
7740107153,Штип - ООУ „Ванчо Прке“,0.05944444444,1.277,"41.7360755,22.1934529","41.7356901,22.184828",Штип
7740107153,Штип - ООУ „Ванчо Прке“,0.2361111111,9.902,"41.7360755,22.1934529","41.6906615,22.1237326",С.Лакавица
7740107153,Штип - ООУ „Ванчо Прке“,0.4086111111,13.857,"41.7360755,22.1934529","41.6727987,22.0914094",с.Селце
7740107188,Штип - ООУ „Гоце Делчев“,0.1825,7.511,"41.7360755,22.1934529","41.77456,22.1356916",населба Три Чешми
7740107188,Штип - ООУ „Гоце Делчев“,0.3863888889,10.268,"41.7360755,22.1934529","41.716685,22.2876978",с.Шашаварлија
7740107226,Штип - ООУ „Тошо Арсов“,0.8486111111,23.461,"41.7496724,22.1919251","41.7047672,22.3795045",с. Почивало
7740107226,Штип - ООУ „Тошо Арсов“,0.1458333333,5.86,"41.7496724,22.1919251","41.7812225,22.1851727",с. Чардаклија
7740107226,Штип - ООУ „Тошо Арсов“,0.09166666667,2.462,"41.7496724,22.1919251","41.744937,22.1738325","Македонка, Штип"
7840104197,Шуто Оризари - ООУ „Браќа Рамиз Хамид“ Шуто Оризари,0.1352777778,3.3,"42.0395175,21.4280013","42.0605414,21.409198","Горно Оризари,Скопје"